,filename,centroid_essentia-std,centroid_MIRtoolbox-std,centroid_librosa-std
0,audio/Bach_1_NA_0_Major_flatMIDI.wav,728.8997192,1117.846548,995.1855792
0,audio/Bach_1_NA_0_minor_flatMIDI.wav,604.1974487,987.9891764,897.9958913
0,audio/Bach_1_NA_10_Major_flatMIDI.wav,570.0366211,909.6594617,844.3300557
0,audio/Bach_1_NA_10_minor_flatMIDI.wav,715.208252,1160.252686,975.9633508
0,audio/Bach_1_NA_11_Major_flatMIDI.wav,638.8753052,989.0560535,910.4311149
0,audio/Bach_1_NA_11_minor_flatMIDI.wav,618.3379517,991.0993656,867.0214385
0,audio/Bach_1_NA_1_Major_flatMIDI.wav,818.4916382,1131.282835,1068.136046
0,audio/Bach_1_NA_1_minor_flatMIDI.wav,665.2974854,1111.86503,920.8845552
0,audio/Bach_1_NA_2_Major_flatMIDI.wav,718.6686401,1097.600283,1041.557458
0,audio/Bach_1_NA_2_minor_flatMIDI.wav,628.1566772,988.0410017,897.9070365
0,audio/Bach_1_NA_3_Major_flatMIDI.wav,660.473938,1009.360563,926.8982827
0,audio/Bach_1_NA_3_minor_flatMIDI.wav,624.5618896,1047.561737,895.4679239
0,audio/Bach_1_NA_4_Major_flatMIDI.wav,719.9052734,1089.767981,954.5379351
0,audio/Bach_1_NA_4_minor_flatMIDI.wav,724.977356,1080.122163,916.812763
0,audio/Bach_1_NA_5_Major_flatMIDI.wav,590.3842163,965.9565558,886.9477141
0,audio/Bach_1_NA_5_minor_flatMIDI.wav,613.5755615,992.7056276,874.4363471
0,audio/Bach_1_NA_6_Major_flatMIDI.wav,695.5681763,1141.572797,964.6028349
0,audio/Bach_1_NA_6_minor_flatMIDI.wav,671.9553223,1020.146404,946.5759107
0,audio/Bach_1_NA_7_Major_flatMIDI.wav,623.9766235,982.9631742,882.3515051
0,audio/Bach_1_NA_7_minor_flatMIDI.wav,671.734314,1045.73983,880.789517
0,audio/Bach_1_NA_8_Major_flatMIDI.wav,693.0637817,1103.335174,991.107874
0,audio/Bach_1_NA_8_minor_flatMIDI.wav,686.4238892,1080.909844,933.6648824
0,audio/Bach_1_NA_9_Major_flatMIDI.wav,751.5575562,1063.054711,969.5837676
0,audio/Bach_1_NA_9_minor_flatMIDI.wav,723.569397,1064.661333,975.3645043
0,audio/bachAshk2006/Bach_1_Ashkenazy_0_Major_bachAshk2006.wav,520.5627441,762.2773099,582.9884193
0,audio/bachAshk2006/Bach_1_Ashkenazy_0_minor_bachAshk2006.wav,531.4595337,808.9283409,753.5225734
0,audio/bachAshk2006/Bach_1_Ashkenazy_10_Major_bachAshk2006.wav,486.8154907,755.8059403,704.8404176
0,audio/bachAshk2006/Bach_1_Ashkenazy_10_minor_bachAshk2006.wav,595.2924805,800.1238137,648.8932133
0,audio/bachAshk2006/Bach_1_Ashkenazy_11_Major_bachAshk2006.wav,564.5200195,687.3400438,666.8429559
0,audio/bachAshk2006/Bach_1_Ashkenazy_11_minor_bachAshk2006.wav,485.9855347,647.063472,529.8519651
0,audio/bachAshk2006/Bach_1_Ashkenazy_1_Major_bachAshk2006.wav,652.4819946,859.0379336,757.9840349
0,audio/bachAshk2006/Bach_1_Ashkenazy_1_minor_bachAshk2006.wav,496.7836914,752.8691982,636.200674
0,audio/bachAshk2006/Bach_1_Ashkenazy_2_Major_bachAshk2006.wav,607.9550171,773.2608139,752.1118456
0,audio/bachAshk2006/Bach_1_Ashkenazy_2_minor_bachAshk2006.wav,553.2764282,867.1684829,804.389491
0,audio/bachAshk2006/Bach_1_Ashkenazy_3_Major_bachAshk2006.wav,560.8551636,795.3092848,726.3694672
0,audio/bachAshk2006/Bach_1_Ashkenazy_3_minor_bachAshk2006.wav,481.2234802,682.436196,608.1967432
0,audio/bachAshk2006/Bach_1_Ashkenazy_4_Major_bachAshk2006.wav,562.6897583,733.2528006,634.7984277
0,audio/bachAshk2006/Bach_1_Ashkenazy_4_minor_bachAshk2006.wav,492.156189,800.3933824,578.2247328
0,audio/bachAshk2006/Bach_1_Ashkenazy_5_Major_bachAshk2006.wav,593.3530884,863.9043854,843.6410636
0,audio/bachAshk2006/Bach_1_Ashkenazy_5_minor_bachAshk2006.wav,477.601593,692.521577,633.3281306
0,audio/bachAshk2006/Bach_1_Ashkenazy_6_Major_bachAshk2006.wav,535.4150391,802.5517369,696.7904547
0,audio/bachAshk2006/Bach_1_Ashkenazy_6_minor_bachAshk2006.wav,572.5455933,841.245098,813.038884
0,audio/bachAshk2006/Bach_1_Ashkenazy_7_Major_bachAshk2006.wav,595.3548584,860.0992688,838.5121983
0,audio/bachAshk2006/Bach_1_Ashkenazy_7_minor_bachAshk2006.wav,574.8027954,741.2821725,650.7398232
0,audio/bachAshk2006/Bach_1_Ashkenazy_8_Major_bachAshk2006.wav,689.4538574,879.748026,842.4560291
0,audio/bachAshk2006/Bach_1_Ashkenazy_8_minor_bachAshk2006.wav,564.9978638,722.4913796,640.4570502
0,audio/bachAshk2006/Bach_1_Ashkenazy_9_Major_bachAshk2006.wav,599.621521,826.0582867,760.6710932
0,audio/bachAshk2006/Bach_1_Ashkenazy_9_minor_bachAshk2006.wav,622.4689941,881.0329944,821.2450669
0,audio/bachAshk2006Deadpan/Bach_1_Ashkenazy_0_Major_bachAshk2006Deadpan.wav,721.7625122,1348.242012,871.4393534
0,audio/bachAshk2006Deadpan/Bach_1_Ashkenazy_0_minor_bachAshk2006Deadpan.wav,602.3172607,950.7969116,832.6929795
0,audio/bachAshk2006Deadpan/Bach_1_Ashkenazy_10_Major_bachAshk2006Deadpan.wav,590.1240234,912.3976227,795.3482213
0,audio/bachAshk2006Deadpan/Bach_1_Ashkenazy_10_minor_bachAshk2006Deadpan.wav,654.843689,1046.642663,865.8780951
0,audio/bachAshk2006Deadpan/Bach_1_Ashkenazy_11_Major_bachAshk2006Deadpan.wav,623.7181396,884.8531403,848.1698708
0,audio/bachAshk2006Deadpan/Bach_1_Ashkenazy_11_minor_bachAshk2006Deadpan.wav,579.166687,971.5861414,781.7642375
0,audio/bachAshk2006Deadpan/Bach_1_Ashkenazy_1_Major_bachAshk2006Deadpan.wav,762.3824463,1081.922883,942.3545575
0,audio/bachAshk2006Deadpan/Bach_1_Ashkenazy_1_minor_bachAshk2006Deadpan.wav,631.296814,1093.544734,834.6390772
0,audio/bachAshk2006Deadpan/Bach_1_Ashkenazy_2_Major_bachAshk2006Deadpan.wav,708.0334473,1024.295484,906.4866635
0,audio/bachAshk2006Deadpan/Bach_1_Ashkenazy_2_minor_bachAshk2006Deadpan.wav,643.5287476,979.5959156,836.1103903
0,audio/bachAshk2006Deadpan/Bach_1_Ashkenazy_3_Major_bachAshk2006Deadpan.wav,645.1607666,962.4312762,844.3080756
0,audio/bachAshk2006Deadpan/Bach_1_Ashkenazy_3_minor_bachAshk2006Deadpan.wav,595.9525146,1109.183658,806.505998
0,audio/bachAshk2006Deadpan/Bach_1_Ashkenazy_4_Major_bachAshk2006Deadpan.wav,650.9086304,1016.759526,847.9447809
0,audio/bachAshk2006Deadpan/Bach_1_Ashkenazy_4_minor_bachAshk2006Deadpan.wav,628.9298096,1078.714608,835.3446045
0,audio/bachAshk2006Deadpan/Bach_1_Ashkenazy_5_Major_bachAshk2006Deadpan.wav,628.6295776,930.7271677,840.5905976
0,audio/bachAshk2006Deadpan/Bach_1_Ashkenazy_5_minor_bachAshk2006Deadpan.wav,598.7567749,912.6946692,797.2543103
0,audio/bachAshk2006Deadpan/Bach_1_Ashkenazy_6_Major_bachAshk2006Deadpan.wav,669.088562,1000.792207,876.0538474
0,audio/bachAshk2006Deadpan/Bach_1_Ashkenazy_6_minor_bachAshk2006Deadpan.wav,635.3600464,926.3406551,842.616245
0,audio/bachAshk2006Deadpan/Bach_1_Ashkenazy_7_Major_bachAshk2006Deadpan.wav,643.0509033,901.9504605,835.0722374
0,audio/bachAshk2006Deadpan/Bach_1_Ashkenazy_7_minor_bachAshk2006Deadpan.wav,639.6403809,982.165115,857.4692759
0,audio/bachAshk2006Deadpan/Bach_1_Ashkenazy_8_Major_bachAshk2006Deadpan.wav,667.5005493,959.6971319,893.7925961
0,audio/bachAshk2006Deadpan/Bach_1_Ashkenazy_8_minor_bachAshk2006Deadpan.wav,621.843811,980.5265009,825.7858535
0,audio/bachAshk2006Deadpan/Bach_1_Ashkenazy_9_Major_bachAshk2006Deadpan.wav,664.5939941,965.8186783,859.6104111
0,audio/bachAshk2006Deadpan/Bach_1_Ashkenazy_9_minor_bachAshk2006Deadpan.wav,650.6400757,954.5383907,861.8349303
0,audio/bachBarenboim2006/Bach_1_Barenboim_0_Major_bachBarenboim2006.wav,508.0205078,679.3103713,582.0585747
0,audio/bachBarenboim2006/Bach_1_Barenboim_0_minor_bachBarenboim2006.wav,489.0856628,705.7171629,664.1803403
0,audio/bachBarenboim2006/Bach_1_Barenboim_10_Major_bachBarenboim2006.wav,510.4745483,779.089051,726.3410398
0,audio/bachBarenboim2006/Bach_1_Barenboim_10_minor_bachBarenboim2006.wav,589.5371094,813.9256456,631.898679
0,audio/bachBarenboim2006/Bach_1_Barenboim_11_Major_bachBarenboim2006.wav,530.7965088,627.3112579,587.4159874
0,audio/bachBarenboim2006/Bach_1_Barenboim_11_minor_bachBarenboim2006.wav,486.0939026,657.3227581,577.1611527
0,audio/bachBarenboim2006/Bach_1_Barenboim_1_Major_bachBarenboim2006.wav,649.2890625,760.6135147,675.7375336
0,audio/bachBarenboim2006/Bach_1_Barenboim_1_minor_bachBarenboim2006.wav,491.8838196,685.7424674,578.4210112
0,audio/bachBarenboim2006/Bach_1_Barenboim_2_Major_bachBarenboim2006.wav,595.8311768,704.2495879,684.7227652
0,audio/bachBarenboim2006/Bach_1_Barenboim_2_minor_bachBarenboim2006.wav,487.825592,654.9784204,577.2620154
0,audio/bachBarenboim2006/Bach_1_Barenboim_3_Major_bachBarenboim2006.wav,618.0170288,992.5114095,845.1964754
0,audio/bachBarenboim2006/Bach_1_Barenboim_3_minor_bachBarenboim2006.wav,542.3522339,675.7213917,608.689507
0,audio/bachBarenboim2006/Bach_1_Barenboim_4_Major_bachBarenboim2006.wav,568.2758789,706.6769481,637.7335145
0,audio/bachBarenboim2006/Bach_1_Barenboim_4_minor_bachBarenboim2006.wav,695.5886841,861.7970166,670.3292025
0,audio/bachBarenboim2006/Bach_1_Barenboim_5_Major_bachBarenboim2006.wav,520.2359619,735.4954364,669.0251153
0,audio/bachBarenboim2006/Bach_1_Barenboim_5_minor_bachBarenboim2006.wav,458.3562927,634.1814645,574.4996542
0,audio/bachBarenboim2006/Bach_1_Barenboim_6_Major_bachBarenboim2006.wav,582.15448,726.9423872,629.7821442
0,audio/bachBarenboim2006/Bach_1_Barenboim_6_minor_bachBarenboim2006.wav,579.1871948,824.058109,757.6782572
0,audio/bachBarenboim2006/Bach_1_Barenboim_7_Major_bachBarenboim2006.wav,543.7161255,747.0116258,709.4942675
0,audio/bachBarenboim2006/Bach_1_Barenboim_7_minor_bachBarenboim2006.wav,588.0046997,718.6356845,658.3989145
0,audio/bachBarenboim2006/Bach_1_Barenboim_8_Major_bachBarenboim2006.wav,588.0596313,834.7662907,729.6211372
0,audio/bachBarenboim2006/Bach_1_Barenboim_8_minor_bachBarenboim2006.wav,460.0761719,642.4803662,579.4652856
0,audio/bachBarenboim2006/Bach_1_Barenboim_9_Major_bachBarenboim2006.wav,554.2644653,685.9506105,624.4575195
0,audio/bachBarenboim2006/Bach_1_Barenboim_9_minor_bachBarenboim2006.wav,701.7080688,1123.448997,952.9806778
0,audio/bachDemaria2015/Bach_1_De-Maria_0_Major_bachDemaria2015.wav,486.3881531,702.0518749,543.085316
0,audio/bachDemaria2015/Bach_1_De-Maria_0_minor_bachDemaria2015.wav,549.0690918,852.3170527,761.2226649
0,audio/bachDemaria2015/Bach_1_De-Maria_10_Major_bachDemaria2015.wav,481.0777283,731.3518573,625.1470451
0,audio/bachDemaria2015/Bach_1_De-Maria_10_minor_bachDemaria2015.wav,526.7330322,747.3737821,574.006044
0,audio/bachDemaria2015/Bach_1_De-Maria_11_Major_bachDemaria2015.wav,499.9092712,561.9841318,551.1585597
0,audio/bachDemaria2015/Bach_1_De-Maria_11_minor_bachDemaria2015.wav,479.8771362,585.2296879,539.4628831
0,audio/bachDemaria2015/Bach_1_De-Maria_1_Major_bachDemaria2015.wav,565.2950439,769.7460415,646.2395198
0,audio/bachDemaria2015/Bach_1_De-Maria_1_minor_bachDemaria2015.wav,543.6516113,763.6270606,632.055849
0,audio/bachDemaria2015/Bach_1_De-Maria_2_Major_bachDemaria2015.wav,622.409668,763.0603593,729.6997814
0,audio/bachDemaria2015/Bach_1_De-Maria_2_minor_bachDemaria2015.wav,609.899353,779.4153038,607.4361831
0,audio/bachDemaria2015/Bach_1_De-Maria_3_Major_bachDemaria2015.wav,601.949707,816.9939998,710.1360225
0,audio/bachDemaria2015/Bach_1_De-Maria_3_minor_bachDemaria2015.wav,615.3131104,759.74531,645.188502
0,audio/bachDemaria2015/Bach_1_De-Maria_4_Major_bachDemaria2015.wav,588.5856323,745.5847694,616.1697295
0,audio/bachDemaria2015/Bach_1_De-Maria_4_minor_bachDemaria2015.wav,675.3779297,789.4850284,609.1909212
0,audio/bachDemaria2015/Bach_1_De-Maria_5_Major_bachDemaria2015.wav,492.9508667,698.9155407,649.656603
0,audio/bachDemaria2015/Bach_1_De-Maria_5_minor_bachDemaria2015.wav,450.5229797,619.6082255,562.1902372
0,audio/bachDemaria2015/Bach_1_De-Maria_6_Major_bachDemaria2015.wav,590.210022,718.0105113,608.704294
0,audio/bachDemaria2015/Bach_1_De-Maria_6_minor_bachDemaria2015.wav,583.317627,778.5751923,721.123921
0,audio/bachDemaria2015/Bach_1_De-Maria_7_Major_bachDemaria2015.wav,560.0917358,796.4225204,736.3755262
0,audio/bachDemaria2015/Bach_1_De-Maria_7_minor_bachDemaria2015.wav,535.1903076,683.0425962,597.7504405
0,audio/bachDemaria2015/Bach_1_De-Maria_8_Major_bachDemaria2015.wav,658.4468994,929.8934612,812.1878537
0,audio/bachDemaria2015/Bach_1_De-Maria_8_minor_bachDemaria2015.wav,476.9197388,682.6300757,594.0984716
0,audio/bachDemaria2015/Bach_1_De-Maria_9_Major_bachDemaria2015.wav,592.2195435,820.9813756,701.0081284
0,audio/bachDemaria2015/Bach_1_De-Maria_9_minor_bachDemaria2015.wav,635.5552979,899.9293115,827.4246999
0,audio/bachDemaria2015Deadpan/Bach_1_De-Maria_0_Major_bachDemaria2015Deadpan.wav,721.255249,1428.511572,870.2770145
0,audio/bachDemaria2015Deadpan/Bach_1_De-Maria_0_minor_bachDemaria2015Deadpan.wav,604.7296753,958.8473674,837.9102165
0,audio/bachDemaria2015Deadpan/Bach_1_De-Maria_10_Major_bachDemaria2015Deadpan.wav,588.7744141,941.0646168,799.6211219
0,audio/bachDemaria2015Deadpan/Bach_1_De-Maria_10_minor_bachDemaria2015Deadpan.wav,662.1190796,1185.661422,880.2715528
0,audio/bachDemaria2015Deadpan/Bach_1_De-Maria_11_Major_bachDemaria2015Deadpan.wav,619.1690063,973.021268,851.3797865
0,audio/bachDemaria2015Deadpan/Bach_1_De-Maria_11_minor_bachDemaria2015Deadpan.wav,582.1155396,955.5184558,795.8448173
0,audio/bachDemaria2015Deadpan/Bach_1_De-Maria_1_Major_bachDemaria2015Deadpan.wav,764.9341431,1150.205912,936.336812
0,audio/bachDemaria2015Deadpan/Bach_1_De-Maria_1_minor_bachDemaria2015Deadpan.wav,643.4208374,1037.505283,838.878909
0,audio/bachDemaria2015Deadpan/Bach_1_De-Maria_2_Major_bachDemaria2015Deadpan.wav,706.1615601,1038.324979,905.1270663
0,audio/bachDemaria2015Deadpan/Bach_1_De-Maria_2_minor_bachDemaria2015Deadpan.wav,635.6220093,1019.292599,832.2971102
0,audio/bachDemaria2015Deadpan/Bach_1_De-Maria_3_Major_bachDemaria2015Deadpan.wav,646.1897583,987.3796886,846.7933664
0,audio/bachDemaria2015Deadpan/Bach_1_De-Maria_3_minor_bachDemaria2015Deadpan.wav,606.1339111,1028.124341,813.9494292
0,audio/bachDemaria2015Deadpan/Bach_1_De-Maria_4_Major_bachDemaria2015Deadpan.wav,658.3776855,1027.482192,855.6200859
0,audio/bachDemaria2015Deadpan/Bach_1_De-Maria_4_minor_bachDemaria2015Deadpan.wav,618.5651855,1035.043319,839.281065
0,audio/bachDemaria2015Deadpan/Bach_1_De-Maria_5_Major_bachDemaria2015Deadpan.wav,640.4315186,962.7297449,846.1509348
0,audio/bachDemaria2015Deadpan/Bach_1_De-Maria_5_minor_bachDemaria2015Deadpan.wav,606.0547485,980.1565269,811.5585487
0,audio/bachDemaria2015Deadpan/Bach_1_De-Maria_6_Major_bachDemaria2015Deadpan.wav,663.574585,1100.250693,875.7201724
0,audio/bachDemaria2015Deadpan/Bach_1_De-Maria_6_minor_bachDemaria2015Deadpan.wav,634.7183228,950.9700887,852.4806587
0,audio/bachDemaria2015Deadpan/Bach_1_De-Maria_7_Major_bachDemaria2015Deadpan.wav,642.7214355,919.4991585,835.7976465
0,audio/bachDemaria2015Deadpan/Bach_1_De-Maria_7_minor_bachDemaria2015Deadpan.wav,635.2973022,1051.72116,859.8947829
0,audio/bachDemaria2015Deadpan/Bach_1_De-Maria_8_Major_bachDemaria2015Deadpan.wav,671.4963989,977.9306652,905.3468019
0,audio/bachDemaria2015Deadpan/Bach_1_De-Maria_8_minor_bachDemaria2015Deadpan.wav,632.201416,990.5235169,842.7067231
0,audio/bachDemaria2015Deadpan/Bach_1_De-Maria_9_Major_bachDemaria2015Deadpan.wav,665.4350586,977.5483178,864.206685
0,audio/bachDemaria2015Deadpan/Bach_1_De-Maria_9_minor_bachDemaria2015Deadpan.wav,646.0819702,948.7931277,861.3620629
0,audio/bachDemus1970/Bach_1_Demus_0_Major_bachDemus1970.wav,520.8724365,1040.691731,642.5042659
0,audio/bachDemus1970/Bach_1_Demus_0_minor_bachDemus1970.wav,467.3843079,786.3375658,611.5229828
0,audio/bachDemus1970/Bach_1_Demus_10_Major_bachDemus1970.wav,577.1309204,890.8038469,724.6160263
0,audio/bachDemus1970/Bach_1_Demus_10_minor_bachDemus1970.wav,612.0430908,1004.760409,727.8887386
0,audio/bachDemus1970/Bach_1_Demus_11_Major_bachDemus1970.wav,532.8826294,865.54995,630.9921062
0,audio/bachDemus1970/Bach_1_Demus_11_minor_bachDemus1970.wav,550.4595947,980.4885892,680.2490981
0,audio/bachDemus1970/Bach_1_Demus_1_Major_bachDemus1970.wav,650.3654175,935.0001604,770.6171814
0,audio/bachDemus1970/Bach_1_Demus_1_minor_bachDemus1970.wav,590.2530518,1000.158546,745.2864302
0,audio/bachDemus1970/Bach_1_Demus_2_Major_bachDemus1970.wav,582.8050537,909.2170629,755.3666158
0,audio/bachDemus1970/Bach_1_Demus_2_minor_bachDemus1970.wav,586.1019287,901.3855669,668.610154
0,audio/bachDemus1970/Bach_1_Demus_3_Major_bachDemus1970.wav,658.3755493,1091.07673,814.5539136
0,audio/bachDemus1970/Bach_1_Demus_3_minor_bachDemus1970.wav,585.8374023,1029.622936,824.7547778
0,audio/bachDemus1970/Bach_1_Demus_4_Major_bachDemus1970.wav,582.5762939,951.9277718,701.335324
0,audio/bachDemus1970/Bach_1_Demus_4_minor_bachDemus1970.wav,656.649292,1058.103211,745.8166607
0,audio/bachDemus1970/Bach_1_Demus_5_Major_bachDemus1970.wav,544.1050415,792.4479051,682.7668939
0,audio/bachDemus1970/Bach_1_Demus_5_minor_bachDemus1970.wav,534.9874878,832.3030045,637.1154511
0,audio/bachDemus1970/Bach_1_Demus_6_Major_bachDemus1970.wav,579.2131348,1049.281125,722.9509231
0,audio/bachDemus1970/Bach_1_Demus_6_minor_bachDemus1970.wav,579.4904175,889.1477179,755.3004718
0,audio/bachDemus1970/Bach_1_Demus_7_Major_bachDemus1970.wav,580.0090332,893.1428124,739.9756914
0,audio/bachDemus1970/Bach_1_Demus_7_minor_bachDemus1970.wav,610.5240479,1010.192352,711.0899173
0,audio/bachDemus1970/Bach_1_Demus_8_Major_bachDemus1970.wav,654.5289917,1083.691164,877.8182568
0,audio/bachDemus1970/Bach_1_Demus_8_minor_bachDemus1970.wav,557.8406982,1007.493076,725.6400027
0,audio/bachDemus1970/Bach_1_Demus_9_Major_bachDemus1970.wav,652.815918,972.090818,770.1170451
0,audio/bachDemus1970/Bach_1_Demus_9_minor_bachDemus1970.wav,633.9081421,922.637783,808.4041874
0,audio/bachFischer1934/Bach_1_Fischer_0_Major_bachFischer1934.wav,636.946167,1270.714719,967.1997778
0,audio/bachFischer1934/Bach_1_Fischer_0_minor_bachFischer1934.wav,480.5970154,951.2523601,834.5372828
0,audio/bachFischer1934/Bach_1_Fischer_10_Major_bachFischer1934.wav,584.0109253,1307.125905,1013.306107
0,audio/bachFischer1934/Bach_1_Fischer_10_minor_bachFischer1934.wav,578.355957,1204.517924,976.8456083
0,audio/bachFischer1934/Bach_1_Fischer_11_Major_bachFischer1934.wav,600.3173218,2231.67144,1508.586782
0,audio/bachFischer1934/Bach_1_Fischer_11_minor_bachFischer1934.wav,489.9477234,1253.16818,847.9005883
0,audio/bachFischer1934/Bach_1_Fischer_1_Major_bachFischer1934.wav,692.3377686,1636.908783,1112.570804
0,audio/bachFischer1934/Bach_1_Fischer_1_minor_bachFischer1934.wav,528.7323608,1527.599275,1291.901519
0,audio/bachFischer1934/Bach_1_Fischer_2_Major_bachFischer1934.wav,633.916748,1146.667949,1002.15276
0,audio/bachFischer1934/Bach_1_Fischer_2_minor_bachFischer1934.wav,528.7664795,1154.366595,838.3066504
0,audio/bachFischer1934/Bach_1_Fischer_3_Major_bachFischer1934.wav,630.9688721,1098.907392,946.8897738
0,audio/bachFischer1934/Bach_1_Fischer_3_minor_bachFischer1934.wav,594.6922607,1578.818464,1214.246549
0,audio/bachFischer1934/Bach_1_Fischer_4_Major_bachFischer1934.wav,589.0205688,1102.47003,946.4908077
0,audio/bachFischer1934/Bach_1_Fischer_4_minor_bachFischer1934.wav,629.8914185,1255.670246,947.8654432
0,audio/bachFischer1934/Bach_1_Fischer_5_Major_bachFischer1934.wav,576.5979614,902.455663,832.120208
0,audio/bachFischer1934/Bach_1_Fischer_5_minor_bachFischer1934.wav,551.8890991,900.1967825,816.6398706
0,audio/bachFischer1934/Bach_1_Fischer_6_Major_bachFischer1934.wav,577.617981,1381.136344,1052.225169
0,audio/bachFischer1934/Bach_1_Fischer_6_minor_bachFischer1934.wav,585.7628784,928.9467628,899.1843648
0,audio/bachFischer1934/Bach_1_Fischer_7_Major_bachFischer1934.wav,608.6518555,964.7208704,920.3137089
0,audio/bachFischer1934/Bach_1_Fischer_7_minor_bachFischer1934.wav,629.1534424,1387.960348,1104.833649
0,audio/bachFischer1934/Bach_1_Fischer_8_Major_bachFischer1934.wav,593.6129761,1176.520981,1009.759677
0,audio/bachFischer1934/Bach_1_Fischer_8_minor_bachFischer1934.wav,513.1732178,1256.945012,1005.25391
0,audio/bachFischer1934/Bach_1_Fischer_9_Major_bachFischer1934.wav,547.5303345,992.7408192,897.9914897
0,audio/bachFischer1934/Bach_1_Fischer_9_minor_bachFischer1934.wav,567.2421875,991.8385829,977.7978091
0,audio/bachGalling1964/Bach_1_Galling_0_Major_bachGalling1964.wav,2506.377441,4158.629337,2953.343624
0,audio/bachGalling1964/Bach_1_Galling_0_minor_bachGalling1964.wav,1914.505615,3606.234989,2720.127038
0,audio/bachGalling1964/Bach_1_Galling_10_Major_bachGalling1964.wav,2276.905029,4014.753383,3094.510934
0,audio/bachGalling1964/Bach_1_Galling_10_minor_bachGalling1964.wav,1624.759888,3307.336441,2286.243398
0,audio/bachGalling1964/Bach_1_Galling_11_Major_bachGalling1964.wav,2474.926758,4039.933585,2987.128207
0,audio/bachGalling1964/Bach_1_Galling_11_minor_bachGalling1964.wav,1778.768921,3485.09969,2438.726085
0,audio/bachGalling1964/Bach_1_Galling_1_Major_bachGalling1964.wav,3181.083252,4265.970825,3404.71899
0,audio/bachGalling1964/Bach_1_Galling_1_minor_bachGalling1964.wav,2065.504883,3851.879052,2514.804509
0,audio/bachGalling1964/Bach_1_Galling_2_Major_bachGalling1964.wav,2827.713379,4285.108639,3263.723683
0,audio/bachGalling1964/Bach_1_Galling_2_minor_bachGalling1964.wav,3019.612061,4502.410063,3324.901852
0,audio/bachGalling1964/Bach_1_Galling_3_Major_bachGalling1964.wav,2304.063721,3759.453094,2896.082951
0,audio/bachGalling1964/Bach_1_Galling_3_minor_bachGalling1964.wav,2092.552002,3867.285537,2354.504719
0,audio/bachGalling1964/Bach_1_Galling_4_Major_bachGalling1964.wav,2280.729248,4013.328745,2851.755149
0,audio/bachGalling1964/Bach_1_Galling_4_minor_bachGalling1964.wav,2262.282959,3800.983127,2660.524705
0,audio/bachGalling1964/Bach_1_Galling_5_Major_bachGalling1964.wav,1764.971191,3379.215744,2593.585204
0,audio/bachGalling1964/Bach_1_Galling_5_minor_bachGalling1964.wav,1464.091187,3049.002087,2248.348101
0,audio/bachGalling1964/Bach_1_Galling_6_Major_bachGalling1964.wav,1722.672974,3333.358122,2495.683016
0,audio/bachGalling1964/Bach_1_Galling_6_minor_bachGalling1964.wav,2412.006592,4043.532697,3003.77336
0,audio/bachGalling1964/Bach_1_Galling_7_Major_bachGalling1964.wav,2264.799072,3946.874501,3022.915246
0,audio/bachGalling1964/Bach_1_Galling_7_minor_bachGalling1964.wav,1716.024902,3282.185156,2488.80021
0,audio/bachGalling1964/Bach_1_Galling_8_Major_bachGalling1964.wav,2023.319458,3679.963129,2692.313402
0,audio/bachGalling1964/Bach_1_Galling_8_minor_bachGalling1964.wav,1486.506226,3253.903286,2268.117583
0,audio/bachGalling1964/Bach_1_Galling_9_Major_bachGalling1964.wav,2361.563232,3943.719033,2949.256713
0,audio/bachGalling1964/Bach_1_Galling_9_minor_bachGalling1964.wav,1849.498901,3485.671567,2606.939541
0,audio/bachGould1971/Bach_1_Gould_0_Major_bachGould1971.wav,610.4262085,1324.198633,967.4827053
0,audio/bachGould1971/Bach_1_Gould_0_minor_bachGould1971.wav,552.6887207,1130.029093,874.9109938
0,audio/bachGould1971/Bach_1_Gould_10_Major_bachGould1971.wav,566.2149048,969.1611494,881.0553704
0,audio/bachGould1971/Bach_1_Gould_10_minor_bachGould1971.wav,516.1442261,1364.648054,1011.355997
0,audio/bachGould1971/Bach_1_Gould_11_Major_bachGould1971.wav,509.9338074,962.9887751,827.5762821
0,audio/bachGould1971/Bach_1_Gould_11_minor_bachGould1971.wav,586.8980713,995.3072946,866.3488979
0,audio/bachGould1971/Bach_1_Gould_1_Major_bachGould1971.wav,628.2208862,1164.899314,1021.445447
0,audio/bachGould1971/Bach_1_Gould_1_minor_bachGould1971.wav,567.2825928,1327.507554,944.5521721
0,audio/bachGould1971/Bach_1_Gould_2_Major_bachGould1971.wav,644.7024536,1135.463062,998.6265705
0,audio/bachGould1971/Bach_1_Gould_2_minor_bachGould1971.wav,563.1386719,1238.099306,889.3389847
0,audio/bachGould1971/Bach_1_Gould_3_Major_bachGould1971.wav,578.8444824,1466.276055,1059.883452
0,audio/bachGould1971/Bach_1_Gould_3_minor_bachGould1971.wav,554.9876709,1203.624233,1224.225419
0,audio/bachGould1971/Bach_1_Gould_4_Major_bachGould1971.wav,586.2268066,1187.363213,911.0694669
0,audio/bachGould1971/Bach_1_Gould_4_minor_bachGould1971.wav,601.9093628,1483.898991,938.7018097
0,audio/bachGould1971/Bach_1_Gould_5_Major_bachGould1971.wav,598.8129883,1135.266699,911.8468232
0,audio/bachGould1971/Bach_1_Gould_5_minor_bachGould1971.wav,490.4562073,1421.08876,952.374628
0,audio/bachGould1971/Bach_1_Gould_6_Major_bachGould1971.wav,588.130188,1597.806642,1020.506801
0,audio/bachGould1971/Bach_1_Gould_6_minor_bachGould1971.wav,572.6165161,1235.77512,938.1935725
0,audio/bachGould1971/Bach_1_Gould_7_Major_bachGould1971.wav,521.2205811,1207.74178,920.2359623
0,audio/bachGould1971/Bach_1_Gould_7_minor_bachGould1971.wav,583.7397461,1496.329919,947.8268413
0,audio/bachGould1971/Bach_1_Gould_8_Major_bachGould1971.wav,669.8271484,1123.369736,1060.477288
0,audio/bachGould1971/Bach_1_Gould_8_minor_bachGould1971.wav,536.2880249,1026.329861,831.1311547
0,audio/bachGould1971/Bach_1_Gould_9_Major_bachGould1971.wav,609.555481,1027.691199,931.3928789
0,audio/bachGould1971/Bach_1_Gould_9_minor_bachGould1971.wav,624.3807983,1047.830921,952.8294634
0,audio/bachGulda1995/Bach_1_Gulda_0_Major_bachGulda.wav,528.7734985,1056.158279,791.0486341
0,audio/bachGulda1995/Bach_1_Gulda_0_minor_bachGulda.wav,433.0148926,1007.546804,775.1154498
0,audio/bachGulda1995/Bach_1_Gulda_10_Major_bachGulda.wav,821.0171509,1509.729948,1298.033424
0,audio/bachGulda1995/Bach_1_Gulda_10_minor_bachGulda.wav,484.1800537,1094.898722,899.5190942
0,audio/bachGulda1995/Bach_1_Gulda_11_Major_bachGulda.wav,597.2681274,1022.851906,969.9618494
0,audio/bachGulda1995/Bach_1_Gulda_11_minor_bachGulda.wav,556.2346191,1049.120185,1185.109548
0,audio/bachGulda1995/Bach_1_Gulda_1_Major_bachGulda.wav,777.1502686,1424.295266,1425.743971
0,audio/bachGulda1995/Bach_1_Gulda_1_minor_bachGulda.wav,595.649231,1161.352885,949.5488814
0,audio/bachGulda1995/Bach_1_Gulda_2_Major_bachGulda.wav,820.7950439,1437.596812,1385.444072
0,audio/bachGulda1995/Bach_1_Gulda_2_minor_bachGulda.wav,542.8792114,982.0424483,922.1568862
0,audio/bachGulda1995/Bach_1_Gulda_3_Major_bachGulda.wav,714.5847778,1274.115786,1199.78638
0,audio/bachGulda1995/Bach_1_Gulda_3_minor_bachGulda.wav,558.5350952,971.5352244,1038.87994
0,audio/bachGulda1995/Bach_1_Gulda_4_Major_bachGulda.wav,593.678772,955.686064,908.5558582
0,audio/bachGulda1995/Bach_1_Gulda_4_minor_bachGulda.wav,684.5126953,1463.412792,1082.374181
0,audio/bachGulda1995/Bach_1_Gulda_5_Major_bachGulda.wav,752.5996094,1318.374941,1174.750627
0,audio/bachGulda1995/Bach_1_Gulda_5_minor_bachGulda.wav,519.5296631,865.0983947,807.3009422
0,audio/bachGulda1995/Bach_1_Gulda_6_Major_bachGulda.wav,569.0064087,1076.029443,951.8290508
0,audio/bachGulda1995/Bach_1_Gulda_6_minor_bachGulda.wav,816.84552,1410.508705,1392.966819
0,audio/bachGulda1995/Bach_1_Gulda_7_Major_bachGulda.wav,820.3406982,1526.315257,1298.637516
0,audio/bachGulda1995/Bach_1_Gulda_7_minor_bachGulda.wav,763.4517822,1360.489521,1271.394593
0,audio/bachGulda1995/Bach_1_Gulda_8_Major_bachGulda.wav,639.6951294,936.5439833,1023.480522
0,audio/bachGulda1995/Bach_1_Gulda_8_minor_bachGulda.wav,486.1720276,1081.648645,1000.168476
0,audio/bachGulda1995/Bach_1_Gulda_9_Major_bachGulda.wav,751.6123657,1246.994104,1234.579952
0,audio/bachGulda1995/Bach_1_Gulda_9_minor_bachGulda.wav,866.4229126,1523.736418,1569.564756
0,audio/bachHamilton1964/Bach_1_Hamilton_0_Major_bachHamilton1964.wav,1580.354858,3498.92773,2373.202469
0,audio/bachHamilton1964/Bach_1_Hamilton_0_minor_bachHamilton1964.wav,1982.866943,3273.192966,2798.730412
0,audio/bachHamilton1964/Bach_1_Hamilton_10_Major_bachHamilton1964.wav,2319.991943,3670.123198,3010.31203
0,audio/bachHamilton1964/Bach_1_Hamilton_10_minor_bachHamilton1964.wav,1050.588867,2362.854346,1768.549578
0,audio/bachHamilton1964/Bach_1_Hamilton_11_Major_bachHamilton1964.wav,1219.464355,2398.959249,1976.627438
0,audio/bachHamilton1964/Bach_1_Hamilton_11_minor_bachHamilton1964.wav,1508.552124,2660.005887,1951.626393
0,audio/bachHamilton1964/Bach_1_Hamilton_1_Major_bachHamilton1964.wav,1921.130249,3177.821018,2590.68346
0,audio/bachHamilton1964/Bach_1_Hamilton_1_minor_bachHamilton1964.wav,1207.835815,2586.263174,1841.308472
0,audio/bachHamilton1964/Bach_1_Hamilton_2_Major_bachHamilton1964.wav,1978.702515,3161.421083,2675.621458
0,audio/bachHamilton1964/Bach_1_Hamilton_2_minor_bachHamilton1964.wav,2067.756348,3293.245526,2684.043165
0,audio/bachHamilton1964/Bach_1_Hamilton_3_Major_bachHamilton1964.wav,1473.05249,2798.149981,2102.782398
0,audio/bachHamilton1964/Bach_1_Hamilton_3_minor_bachHamilton1964.wav,1268.282837,2523.19042,1772.77312
0,audio/bachHamilton1964/Bach_1_Hamilton_4_Major_bachHamilton1964.wav,1474.548706,2661.025169,2087.579368
0,audio/bachHamilton1964/Bach_1_Hamilton_4_minor_bachHamilton1964.wav,1368.445679,2913.575341,2137.458336
0,audio/bachHamilton1964/Bach_1_Hamilton_5_Major_bachHamilton1964.wav,1913.479492,3138.115972,2674.464422
0,audio/bachHamilton1964/Bach_1_Hamilton_5_minor_bachHamilton1964.wav,1353.122803,2819.747974,2100.506949
0,audio/bachHamilton1964/Bach_1_Hamilton_6_Major_bachHamilton1964.wav,1899.70166,3231.762085,2429.031773
0,audio/bachHamilton1964/Bach_1_Hamilton_6_minor_bachHamilton1964.wav,1479.480347,2798.165619,2318.776409
0,audio/bachHamilton1964/Bach_1_Hamilton_7_Major_bachHamilton1964.wav,1771.910156,2903.977735,2484.249252
0,audio/bachHamilton1964/Bach_1_Hamilton_7_minor_bachHamilton1964.wav,1533.362549,2923.216624,2178.571441
0,audio/bachHamilton1964/Bach_1_Hamilton_8_Major_bachHamilton1964.wav,1766.431519,3151.639829,2528.796536
0,audio/bachHamilton1964/Bach_1_Hamilton_8_minor_bachHamilton1964.wav,1448.760986,2911.452456,2221.319199
0,audio/bachHamilton1964/Bach_1_Hamilton_9_Major_bachHamilton1964.wav,2012.139648,3239.387382,2604.807105
0,audio/bachHamilton1964/Bach_1_Hamilton_9_minor_bachHamilton1964.wav,1786.919922,3108.613245,2482.560491
0,audio/bachKirkpatrick1963/Bach_1_Kirkpatrick_0_Major_bachKirkpatrick1963.wav,1159.407837,2608.474415,1933.549467
0,audio/bachKirkpatrick1963/Bach_1_Kirkpatrick_0_minor_bachKirkpatrick1963.wav,1257.742432,2798.919406,2267.693712
0,audio/bachKirkpatrick1963/Bach_1_Kirkpatrick_10_Major_bachKirkpatrick1963.wav,1029.2948,2281.861968,2055.92187
0,audio/bachKirkpatrick1963/Bach_1_Kirkpatrick_10_minor_bachKirkpatrick1963.wav,918.2305908,2226.972347,1435.68485
0,audio/bachKirkpatrick1963/Bach_1_Kirkpatrick_11_Major_bachKirkpatrick1963.wav,1208.143555,2524.228117,2181.371948
0,audio/bachKirkpatrick1963/Bach_1_Kirkpatrick_11_minor_bachKirkpatrick1963.wav,1123.609985,2291.089576,1714.801645
0,audio/bachKirkpatrick1963/Bach_1_Kirkpatrick_1_Major_bachKirkpatrick1963.wav,1598.526367,3259.900603,2556.31862
0,audio/bachKirkpatrick1963/Bach_1_Kirkpatrick_1_minor_bachKirkpatrick1963.wav,917.5911255,2404.13736,1685.922752
0,audio/bachKirkpatrick1963/Bach_1_Kirkpatrick_2_Major_bachKirkpatrick1963.wav,1060.455933,2233.134909,1818.501691
0,audio/bachKirkpatrick1963/Bach_1_Kirkpatrick_2_minor_bachKirkpatrick1963.wav,1123.663452,2541.83475,2153.360606
0,audio/bachKirkpatrick1963/Bach_1_Kirkpatrick_3_Major_bachKirkpatrick1963.wav,1160.784302,2430.890613,1997.651413
0,audio/bachKirkpatrick1963/Bach_1_Kirkpatrick_3_minor_bachKirkpatrick1963.wav,1038.806641,2519.766545,1685.1213
0,audio/bachKirkpatrick1963/Bach_1_Kirkpatrick_4_Major_bachKirkpatrick1963.wav,898.6755981,2446.582037,1781.403525
0,audio/bachKirkpatrick1963/Bach_1_Kirkpatrick_4_minor_bachKirkpatrick1963.wav,1177.310303,2431.035533,1896.331033
0,audio/bachKirkpatrick1963/Bach_1_Kirkpatrick_5_Major_bachKirkpatrick1963.wav,1052.403564,2362.346001,1977.724267
0,audio/bachKirkpatrick1963/Bach_1_Kirkpatrick_5_minor_bachKirkpatrick1963.wav,862.6898804,2041.858061,1601.296879
0,audio/bachKirkpatrick1963/Bach_1_Kirkpatrick_6_Major_bachKirkpatrick1963.wav,1285.681763,2475.628374,2028.515415
0,audio/bachKirkpatrick1963/Bach_1_Kirkpatrick_6_minor_bachKirkpatrick1963.wav,987.3792725,2161.929372,1823.906
0,audio/bachKirkpatrick1963/Bach_1_Kirkpatrick_7_Major_bachKirkpatrick1963.wav,1190.75708,2412.391906,2089.264226
0,audio/bachKirkpatrick1963/Bach_1_Kirkpatrick_7_minor_bachKirkpatrick1963.wav,919.5918579,1876.711894,1497.166683
0,audio/bachKirkpatrick1963/Bach_1_Kirkpatrick_8_Major_bachKirkpatrick1963.wav,1628.318115,3363.858876,2540.989112
0,audio/bachKirkpatrick1963/Bach_1_Kirkpatrick_8_minor_bachKirkpatrick1963.wav,1107.002319,2599.055039,1954.550136
0,audio/bachKirkpatrick1963/Bach_1_Kirkpatrick_9_Major_bachKirkpatrick1963.wav,1882.78125,3439.757356,2473.871599
0,audio/bachKirkpatrick1963/Bach_1_Kirkpatrick_9_minor_bachKirkpatrick1963.wav,1495.170654,2809.919234,2059.74399
0,audio/bachLandowska1951/Bach_1_Landowska_0_Major_bachLandowska1951.wav,2062.702881,2970.46444,2362.959783
0,audio/bachLandowska1951/Bach_1_Landowska_0_minor_bachLandowska1951.wav,1131.894043,2105.371757,1926.760079
0,audio/bachLandowska1951/Bach_1_Landowska_10_Major_bachLandowska1951.wav,1735.10376,2962.79224,2472.22263
0,audio/bachLandowska1951/Bach_1_Landowska_10_minor_bachLandowska1951.wav,1471.042969,2769.003256,1977.719511
0,audio/bachLandowska1951/Bach_1_Landowska_11_Major_bachLandowska1951.wav,1231.159912,2589.249485,1970.594645
0,audio/bachLandowska1951/Bach_1_Landowska_11_minor_bachLandowska1951.wav,1879.270874,3062.742822,2308.327613
0,audio/bachLandowska1951/Bach_1_Landowska_1_Major_bachLandowska1951.wav,1491.482056,2540.646941,2193.610164
0,audio/bachLandowska1951/Bach_1_Landowska_1_minor_bachLandowska1951.wav,1068.606201,2353.11193,1831.61682
0,audio/bachLandowska1951/Bach_1_Landowska_2_Major_bachLandowska1951.wav,1723.665283,2616.384924,2357.407804
0,audio/bachLandowska1951/Bach_1_Landowska_2_minor_bachLandowska1951.wav,1369.510254,2584.698167,2221.261814
0,audio/bachLandowska1951/Bach_1_Landowska_3_Major_bachLandowska1951.wav,2063.366699,2941.591063,2512.880097
0,audio/bachLandowska1951/Bach_1_Landowska_3_minor_bachLandowska1951.wav,1304.511353,2582.162016,1926.033779
0,audio/bachLandowska1951/Bach_1_Landowska_4_Major_bachLandowska1951.wav,1551.876099,3261.977915,2271.261376
0,audio/bachLandowska1951/Bach_1_Landowska_4_minor_bachLandowska1951.wav,2459.671875,3814.696348,2795.614632
0,audio/bachLandowska1951/Bach_1_Landowska_5_Major_bachLandowska1951.wav,1669.280273,3281.513728,2492.911353
0,audio/bachLandowska1951/Bach_1_Landowska_5_minor_bachLandowska1951.wav,1442.13855,2658.316012,2059.216132
0,audio/bachLandowska1951/Bach_1_Landowska_6_Major_bachLandowska1951.wav,1355.75293,2867.092759,2147.347944
0,audio/bachLandowska1951/Bach_1_Landowska_6_minor_bachLandowska1951.wav,1733.972168,3242.488748,2563.860024
0,audio/bachLandowska1951/Bach_1_Landowska_7_Major_bachLandowska1951.wav,1777.264648,3134.307466,2603.701117
0,audio/bachLandowska1951/Bach_1_Landowska_7_minor_bachLandowska1951.wav,1383.378662,2945.807323,2209.820852
0,audio/bachLandowska1951/Bach_1_Landowska_8_Major_bachLandowska1951.wav,1539.646606,2883.376229,2234.934173
0,audio/bachLandowska1951/Bach_1_Landowska_8_minor_bachLandowska1951.wav,1915.168457,3214.244995,2559.535803
0,audio/bachLandowska1951/Bach_1_Landowska_9_Major_bachLandowska1951.wav,2122.79248,3473.890061,2871.718999
0,audio/bachLandowska1951/Bach_1_Landowska_9_minor_bachLandowska1951.wav,2007.380493,3338.73776,2630.077587
0,audio/bachLeonhardt1973/Bach_1_Leonhardt_0_Major_bachLeonhardt1973.wav,2562.414795,4262.247076,2994.434417
0,audio/bachLeonhardt1973/Bach_1_Leonhardt_0_minor_bachLeonhardt1973.wav,2172.876709,4033.389453,2972.577644
0,audio/bachLeonhardt1973/Bach_1_Leonhardt_10_Major_bachLeonhardt1973.wav,1670.509888,3373.284478,2486.004509
0,audio/bachLeonhardt1973/Bach_1_Leonhardt_10_minor_bachLeonhardt1973.wav,1965.022705,3536.65288,2380.260575
0,audio/bachLeonhardt1973/Bach_1_Leonhardt_11_Major_bachLeonhardt1973.wav,1535.209839,3154.928235,2224.479983
0,audio/bachLeonhardt1973/Bach_1_Leonhardt_11_minor_bachLeonhardt1973.wav,2029.288086,3417.550412,2486.848749
0,audio/bachLeonhardt1973/Bach_1_Leonhardt_1_Major_bachLeonhardt1973.wav,1848.190063,3525.533311,2490.113264
0,audio/bachLeonhardt1973/Bach_1_Leonhardt_1_minor_bachLeonhardt1973.wav,2315.775391,4165.796834,2609.323469
0,audio/bachLeonhardt1973/Bach_1_Leonhardt_2_Major_bachLeonhardt1973.wav,3228.918701,4437.302488,3236.613924
0,audio/bachLeonhardt1973/Bach_1_Leonhardt_2_minor_bachLeonhardt1973.wav,1663.987915,3310.014865,2321.006607
0,audio/bachLeonhardt1973/Bach_1_Leonhardt_3_Major_bachLeonhardt1973.wav,2175.374512,4025.71521,2870.367483
0,audio/bachLeonhardt1973/Bach_1_Leonhardt_3_minor_bachLeonhardt1973.wav,2040.761841,4137.342384,2545.811555
0,audio/bachLeonhardt1973/Bach_1_Leonhardt_4_Major_bachLeonhardt1973.wav,2340.945313,4085.835029,2793.777601
0,audio/bachLeonhardt1973/Bach_1_Leonhardt_4_minor_bachLeonhardt1973.wav,2286.423584,4036.426413,2855.218451
0,audio/bachLeonhardt1973/Bach_1_Leonhardt_5_Major_bachLeonhardt1973.wav,2391.698486,4222.57463,2996.931358
0,audio/bachLeonhardt1973/Bach_1_Leonhardt_5_minor_bachLeonhardt1973.wav,1932.074707,3967.427728,2638.918936
0,audio/bachLeonhardt1973/Bach_1_Leonhardt_6_Major_bachLeonhardt1973.wav,1934.271606,3286.950921,2350.697486
0,audio/bachLeonhardt1973/Bach_1_Leonhardt_6_minor_bachLeonhardt1973.wav,1896.143311,3238.187004,2438.599761
0,audio/bachLeonhardt1973/Bach_1_Leonhardt_7_Major_bachLeonhardt1973.wav,1958.993042,3325.234196,2587.996711
0,audio/bachLeonhardt1973/Bach_1_Leonhardt_7_minor_bachLeonhardt1973.wav,1564.885132,2575.450294,2193.163136
0,audio/bachLeonhardt1973/Bach_1_Leonhardt_8_Major_bachLeonhardt1973.wav,1777.550781,3318.132618,2255.071226
0,audio/bachLeonhardt1973/Bach_1_Leonhardt_8_minor_bachLeonhardt1973.wav,1957.376343,3379.191447,2410.402432
0,audio/bachLeonhardt1973/Bach_1_Leonhardt_9_Major_bachLeonhardt1973.wav,1713.170654,3431.391719,2419.443436
0,audio/bachLeonhardt1973/Bach_1_Leonhardt_9_minor_bachLeonhardt1973.wav,2047.232178,3589.672234,2574.201238
0,audio/bachMartins1964/Bach_1_Martins_0_Major_bachMartins1964.wav,533.5760498,1164.939785,749.9204082
0,audio/bachMartins1964/Bach_1_Martins_0_minor_bachMartins1964.wav,480.848877,978.0753554,733.8059531
0,audio/bachMartins1964/Bach_1_Martins_10_Major_bachMartins1964.wav,554.0653687,1003.67051,832.425079
0,audio/bachMartins1964/Bach_1_Martins_10_minor_bachMartins1964.wav,639.6763306,1519.992907,949.4226806
0,audio/bachMartins1964/Bach_1_Martins_11_Major_bachMartins1964.wav,692.7932129,1162.195553,908.6084743
0,audio/bachMartins1964/Bach_1_Martins_11_minor_bachMartins1964.wav,588.7836304,1364.922927,867.9551239
0,audio/bachMartins1964/Bach_1_Martins_1_Major_bachMartins1964.wav,663.5389404,1109.820346,918.9242523
0,audio/bachMartins1964/Bach_1_Martins_1_minor_bachMartins1964.wav,517.5136719,1277.886343,852.9965398
0,audio/bachMartins1964/Bach_1_Martins_2_Major_bachMartins1964.wav,614.0482178,1043.905621,911.7885261
0,audio/bachMartins1964/Bach_1_Martins_2_minor_bachMartins1964.wav,492.5132446,1018.7363,784.4780964
0,audio/bachMartins1964/Bach_1_Martins_3_Major_bachMartins1964.wav,575.4243774,1282.6184,851.4894999
0,audio/bachMartins1964/Bach_1_Martins_3_minor_bachMartins1964.wav,542.7102661,1482.277685,1067.929683
0,audio/bachMartins1964/Bach_1_Martins_4_Major_bachMartins1964.wav,535.2553711,1161.731519,795.80795
0,audio/bachMartins1964/Bach_1_Martins_4_minor_bachMartins1964.wav,709.0932007,1727.038277,959.8268873
0,audio/bachMartins1964/Bach_1_Martins_5_Major_bachMartins1964.wav,553.9443359,1002.830383,839.9354191
0,audio/bachMartins1964/Bach_1_Martins_5_minor_bachMartins1964.wav,608.3737183,1190.890668,855.5125399
0,audio/bachMartins1964/Bach_1_Martins_6_Major_bachMartins1964.wav,535.2869263,1184.205663,831.5443475
0,audio/bachMartins1964/Bach_1_Martins_6_minor_bachMartins1964.wav,663.4242554,1171.766775,945.5903343
0,audio/bachMartins1964/Bach_1_Martins_7_Major_bachMartins1964.wav,496.444397,922.6045206,770.4370455
0,audio/bachMartins1964/Bach_1_Martins_7_minor_bachMartins1964.wav,602.5619507,1254.171281,834.0932987
0,audio/bachMartins1964/Bach_1_Martins_8_Major_bachMartins1964.wav,644.6873779,1112.318188,909.165651
0,audio/bachMartins1964/Bach_1_Martins_8_minor_bachMartins1964.wav,608.1603394,1229.271921,839.9265355
0,audio/bachMartins1964/Bach_1_Martins_9_Major_bachMartins1964.wav,590.347229,1171.859248,840.9872868
0,audio/bachMartins1964/Bach_1_Martins_9_minor_bachMartins1964.wav,567.8815918,1012.153286,803.3493275
0,audio/bachNewman1973/Bach_1_Newman_0_Major_bachNewman1973.wav,4102.668945,6092.107509,3670.733858
0,audio/bachNewman1973/Bach_1_Newman_0_minor_bachNewman1973.wav,4242.416992,5821.867996,4047.669316
0,audio/bachNewman1973/Bach_1_Newman_10_Major_bachNewman1973.wav,3870.141357,5830.593551,3808.077132
0,audio/bachNewman1973/Bach_1_Newman_10_minor_bachNewman1973.wav,3298.017822,5702.863873,3407.471667
0,audio/bachNewman1973/Bach_1_Newman_11_Major_bachNewman1973.wav,3557.525879,5589.331494,3514.306414
0,audio/bachNewman1973/Bach_1_Newman_11_minor_bachNewman1973.wav,3004.659668,5244.105282,3345.135271
0,audio/bachNewman1973/Bach_1_Newman_1_Major_bachNewman1973.wav,4572.10791,6361.924033,4163.436374
0,audio/bachNewman1973/Bach_1_Newman_1_minor_bachNewman1973.wav,3566.269775,5630.178183,3511.029689
0,audio/bachNewman1973/Bach_1_Newman_2_Major_bachNewman1973.wav,4776.976074,,3798.360893
0,audio/bachNewman1973/Bach_1_Newman_2_minor_bachNewman1973.wav,4983.345703,,4124.302696
0,audio/bachNewman1973/Bach_1_Newman_3_Major_bachNewman1973.wav,4156.817383,5965.427116,3814.372773
0,audio/bachNewman1973/Bach_1_Newman_3_minor_bachNewman1973.wav,3706.278564,5832.606073,3005.427278
0,audio/bachNewman1973/Bach_1_Newman_4_Major_bachNewman1973.wav,4635.837891,6177.484811,3986.601333
0,audio/bachNewman1973/Bach_1_Newman_4_minor_bachNewman1973.wav,4837.930664,,3787.532215
0,audio/bachNewman1973/Bach_1_Newman_5_Major_bachNewman1973.wav,4363.433105,,4220.197007
0,audio/bachNewman1973/Bach_1_Newman_5_minor_bachNewman1973.wav,2760.369873,4729.887762,3048.269089
0,audio/bachNewman1973/Bach_1_Newman_6_Major_bachNewman1973.wav,3291.520508,5435.944342,3269.225796
0,audio/bachNewman1973/Bach_1_Newman_6_minor_bachNewman1973.wav,2222.54126,3993.365119,2751.335643
0,audio/bachNewman1973/Bach_1_Newman_7_Major_bachNewman1973.wav,3490.217529,5283.105104,3522.260869
0,audio/bachNewman1973/Bach_1_Newman_7_minor_bachNewman1973.wav,3467.168945,5336.249332,3505.650105
0,audio/bachNewman1973/Bach_1_Newman_8_Major_bachNewman1973.wav,3553.062256,5736.225004,3524.168986
0,audio/bachNewman1973/Bach_1_Newman_8_minor_bachNewman1973.wav,3632.756104,5571.444152,3717.683091
0,audio/bachNewman1973/Bach_1_Newman_9_Major_bachNewman1973.wav,3460.904053,5546.33954,3691.133285
0,audio/bachNewman1973/Bach_1_Newman_9_minor_bachNewman1973.wav,4052.0354,6031.040391,3714.885413
0,audio/bachNewman2001harpsichord/Bach_1_Newman_0_Major_bachNewman2001harpsichord.wav,2371.592773,5629.765491,2535.878756
0,audio/bachNewman2001harpsichord/Bach_1_Newman_0_minor_bachNewman2001harpsichord.wav,2451.207764,4722.097511,3047.179827
0,audio/bachNewman2001harpsichord/Bach_1_Newman_10_Major_bachNewman2001harpsichord.wav,3366.625732,5626.71738,3536.133512
0,audio/bachNewman2001harpsichord/Bach_1_Newman_10_minor_bachNewman2001harpsichord.wav,2769.656006,5483.514974,3148.76116
0,audio/bachNewman2001harpsichord/Bach_1_Newman_11_Major_bachNewman2001harpsichord.wav,2247.695801,4866.655991,3031.449321
0,audio/bachNewman2001harpsichord/Bach_1_Newman_11_minor_bachNewman2001harpsichord.wav,2937.400879,5306.847228,3208.175075
0,audio/bachNewman2001harpsichord/Bach_1_Newman_1_Major_bachNewman2001harpsichord.wav,2511.993164,4847.324275,3071.928667
0,audio/bachNewman2001harpsichord/Bach_1_Newman_1_minor_bachNewman2001harpsichord.wav,2301.47876,4747.830346,2785.620706
0,audio/bachNewman2001harpsichord/Bach_1_Newman_2_Major_bachNewman2001harpsichord.wav,2307.187256,4764.892926,2971.579992
0,audio/bachNewman2001harpsichord/Bach_1_Newman_2_minor_bachNewman2001harpsichord.wav,2809.24707,5105.979543,3367.331327
0,audio/bachNewman2001harpsichord/Bach_1_Newman_3_Major_bachNewman2001harpsichord.wav,2679.858154,5139.474632,3171.28447
0,audio/bachNewman2001harpsichord/Bach_1_Newman_3_minor_bachNewman2001harpsichord.wav,2904.052979,5540.398178,2927.592754
0,audio/bachNewman2001harpsichord/Bach_1_Newman_4_Major_bachNewman2001harpsichord.wav,1714.838623,4494.777024,2646.267018
0,audio/bachNewman2001harpsichord/Bach_1_Newman_4_minor_bachNewman2001harpsichord.wav,2287.044922,4651.809206,2920.573911
0,audio/bachNewman2001harpsichord/Bach_1_Newman_5_Major_bachNewman2001harpsichord.wav,2517.101074,4904.628641,3206.382074
0,audio/bachNewman2001harpsichord/Bach_1_Newman_5_minor_bachNewman2001harpsichord.wav,1784.282593,4578.398322,2686.234565
0,audio/bachNewman2001harpsichord/Bach_1_Newman_6_Major_bachNewman2001harpsichord.wav,2304.104492,4871.779526,3117.194052
0,audio/bachNewman2001harpsichord/Bach_1_Newman_6_minor_bachNewman2001harpsichord.wav,2399.577637,4744.335436,3067.394625
0,audio/bachNewman2001harpsichord/Bach_1_Newman_7_Major_bachNewman2001harpsichord.wav,2703.446533,4947.18951,3177.603443
0,audio/bachNewman2001harpsichord/Bach_1_Newman_7_minor_bachNewman2001harpsichord.wav,1920.663818,4529.904074,2753.936446
0,audio/bachNewman2001harpsichord/Bach_1_Newman_8_Major_bachNewman2001harpsichord.wav,3112.063232,5559.914992,3325.50162
0,audio/bachNewman2001harpsichord/Bach_1_Newman_8_minor_bachNewman2001harpsichord.wav,2956.948975,5434.705897,3274.350477
0,audio/bachNewman2001harpsichord/Bach_1_Newman_9_Major_bachNewman2001harpsichord.wav,2747.947266,5419.395806,3249.005138
0,audio/bachNewman2001harpsichord/Bach_1_Newman_9_minor_bachNewman2001harpsichord.wav,2854.604004,5395.017948,3231.245949
0,audio/bachNewman2001piano/Bach_1_Newman_0_Major_bachNewman2001piano.wav,674.1461182,977.8020544,783.4859157
0,audio/bachNewman2001piano/Bach_1_Newman_0_minor_bachNewman2001piano.wav,696.4380493,989.2276848,982.1591619
0,audio/bachNewman2001piano/Bach_1_Newman_10_Major_bachNewman2001piano.wav,583.553894,913.1244979,815.7330006
0,audio/bachNewman2001piano/Bach_1_Newman_10_minor_bachNewman2001piano.wav,647.90271,1039.11062,799.286128
0,audio/bachNewman2001piano/Bach_1_Newman_11_Major_bachNewman2001piano.wav,626.6763916,844.2681416,784.4348931
0,audio/bachNewman2001piano/Bach_1_Newman_11_minor_bachNewman2001piano.wav,526.1781616,778.9279772,702.8392895
0,audio/bachNewman2001piano/Bach_1_Newman_1_Major_bachNewman2001piano.wav,747.8308716,1039.296429,943.1321966
0,audio/bachNewman2001piano/Bach_1_Newman_1_minor_bachNewman2001piano.wav,695.3565674,987.3596342,871.5773123
0,audio/bachNewman2001piano/Bach_1_Newman_2_Major_bachNewman2001piano.wav,673.5143433,913.877168,879.9348358
0,audio/bachNewman2001piano/Bach_1_Newman_2_minor_bachNewman2001piano.wav,692.1801147,931.1102097,849.389116
0,audio/bachNewman2001piano/Bach_1_Newman_3_Major_bachNewman2001piano.wav,706.1105347,925.3051686,834.5985366
0,audio/bachNewman2001piano/Bach_1_Newman_3_minor_bachNewman2001piano.wav,689.664978,975.7698632,844.1375259
0,audio/bachNewman2001piano/Bach_1_Newman_4_Major_bachNewman2001piano.wav,640.0706787,936.3931003,878.83657
0,audio/bachNewman2001piano/Bach_1_Newman_4_minor_bachNewman2001piano.wav,664.8233643,945.2957679,800.5471342
0,audio/bachNewman2001piano/Bach_1_Newman_5_Major_bachNewman2001piano.wav,551.8191528,848.9653833,791.0757731
0,audio/bachNewman2001piano/Bach_1_Newman_5_minor_bachNewman2001piano.wav,536.5690308,829.7535022,695.4601064
0,audio/bachNewman2001piano/Bach_1_Newman_6_Major_bachNewman2001piano.wav,643.09198,927.4963789,765.6691686
0,audio/bachNewman2001piano/Bach_1_Newman_6_minor_bachNewman2001piano.wav,626.7596436,904.9144283,912.6079448
0,audio/bachNewman2001piano/Bach_1_Newman_7_Major_bachNewman2001piano.wav,599.9393311,904.059417,839.433364
0,audio/bachNewman2001piano/Bach_1_Newman_7_minor_bachNewman2001piano.wav,640.2969971,870.7368676,832.4602697
0,audio/bachNewman2001piano/Bach_1_Newman_8_Major_bachNewman2001piano.wav,691.055542,978.1621089,855.7245362
0,audio/bachNewman2001piano/Bach_1_Newman_8_minor_bachNewman2001piano.wav,620.8119507,940.8042893,852.6720879
0,audio/bachNewman2001piano/Bach_1_Newman_9_Major_bachNewman2001piano.wav,659.6958618,953.0484325,883.6812083
0,audio/bachNewman2001piano/Bach_1_Newman_9_minor_bachNewman2001piano.wav,633.8066406,937.2443234,876.082777
0,audio/bachRichter1970/Bach_1_Richter_0_Major_bachRichter1970.wav,437.1643372,837.2169779,601.0240751
0,audio/bachRichter1970/Bach_1_Richter_0_minor_bachRichter1970.wav,655.3309326,1039.904966,900.8772007
0,audio/bachRichter1970/Bach_1_Richter_10_Major_bachRichter1970.wav,603.0603638,1025.551607,822.5894644
0,audio/bachRichter1970/Bach_1_Richter_10_minor_bachRichter1970.wav,564.7796631,981.8874853,687.2666838
0,audio/bachRichter1970/Bach_1_Richter_11_Major_bachRichter1970.wav,485.4795227,776.0245563,608.604231
0,audio/bachRichter1970/Bach_1_Richter_11_minor_bachRichter1970.wav,439.7805176,929.8944004,603.5882009
0,audio/bachRichter1970/Bach_1_Richter_1_Major_bachRichter1970.wav,702.9180298,911.5812698,800.7997016
0,audio/bachRichter1970/Bach_1_Richter_1_minor_bachRichter1970.wav,539.5072632,836.2990959,683.8573716
0,audio/bachRichter1970/Bach_1_Richter_2_Major_bachRichter1970.wav,589.8897095,772.8270974,718.9358323
0,audio/bachRichter1970/Bach_1_Richter_2_minor_bachRichter1970.wav,583.9551392,813.0812434,674.8122508
0,audio/bachRichter1970/Bach_1_Richter_3_Major_bachRichter1970.wav,667.5425415,976.4155354,831.8247654
0,audio/bachRichter1970/Bach_1_Richter_3_minor_bachRichter1970.wav,676.8234863,1033.997783,848.0958638
0,audio/bachRichter1970/Bach_1_Richter_4_Major_bachRichter1970.wav,591.831543,788.0387491,687.5795795
0,audio/bachRichter1970/Bach_1_Richter_4_minor_bachRichter1970.wav,600.5770874,809.25815,608.1840027
0,audio/bachRichter1970/Bach_1_Richter_5_Major_bachRichter1970.wav,641.5638428,962.263017,887.9851912
0,audio/bachRichter1970/Bach_1_Richter_5_minor_bachRichter1970.wav,472.3018799,682.7540425,595.8830751
0,audio/bachRichter1970/Bach_1_Richter_6_Major_bachRichter1970.wav,539.8431396,824.4337268,670.3962016
0,audio/bachRichter1970/Bach_1_Richter_6_minor_bachRichter1970.wav,773.3204956,1136.195824,1062.110444
0,audio/bachRichter1970/Bach_1_Richter_7_Major_bachRichter1970.wav,743.4563599,1186.292539,990.8805279
0,audio/bachRichter1970/Bach_1_Richter_7_minor_bachRichter1970.wav,543.68927,996.3694063,689.2290042
0,audio/bachRichter1970/Bach_1_Richter_8_Major_bachRichter1970.wav,885.1316528,1431.425972,1098.95671
0,audio/bachRichter1970/Bach_1_Richter_8_minor_bachRichter1970.wav,541.1339111,924.265459,668.8183335
0,audio/bachRichter1970/Bach_1_Richter_9_Major_bachRichter1970.wav,613.5131226,932.878756,736.0769338
0,audio/bachRichter1970/Bach_1_Richter_9_minor_bachRichter1970.wav,803.3432007,1342.293895,1061.040754
0,audio/bachTureck1953/Bach_1_Tureck_0_Major_bachTureck1953.wav,691.4441528,4463.952317,1343.452831
0,audio/bachTureck1953/Bach_1_Tureck_0_minor_bachTureck1953.wav,578.956543,1298.520458,1107.55041
0,audio/bachTureck1953/Bach_1_Tureck_10_Major_bachTureck1953.wav,621.5831299,1557.037812,964.4007848
0,audio/bachTureck1953/Bach_1_Tureck_10_minor_bachTureck1953.wav,989.9622192,5556.717413,1896.426334
0,audio/bachTureck1953/Bach_1_Tureck_11_Major_bachTureck1953.wav,698.1520996,3528.918975,1340.450042
0,audio/bachTureck1953/Bach_1_Tureck_11_minor_bachTureck1953.wav,1056.919189,5755.83558,1742.788394
0,audio/bachTureck1953/Bach_1_Tureck_1_Major_bachTureck1953.wav,651.3128662,2191.38277,1420.135596
0,audio/bachTureck1953/Bach_1_Tureck_1_minor_bachTureck1953.wav,632.6569824,3117.412259,1708.960063
0,audio/bachTureck1953/Bach_1_Tureck_2_Major_bachTureck1953.wav,616.753479,1430.970064,1020.188419
0,audio/bachTureck1953/Bach_1_Tureck_2_minor_bachTureck1953.wav,564.6795044,1828.560045,1120.505712
0,audio/bachTureck1953/Bach_1_Tureck_3_Major_bachTureck1953.wav,648.7827759,1710.264102,1085.738214
0,audio/bachTureck1953/Bach_1_Tureck_3_minor_bachTureck1953.wav,590.9286499,2380.643629,1848.644153
0,audio/bachTureck1953/Bach_1_Tureck_4_Major_bachTureck1953.wav,991.0825195,4987.586023,1817.686329
0,audio/bachTureck1953/Bach_1_Tureck_4_minor_bachTureck1953.wav,1124.3479,5474.61023,1988.378587
0,audio/bachTureck1953/Bach_1_Tureck_5_Major_bachTureck1953.wav,587.4569092,2123.52564,990.7104178
0,audio/bachTureck1953/Bach_1_Tureck_5_minor_bachTureck1953.wav,590.5254517,2972.176725,1189.827468
0,audio/bachTureck1953/Bach_1_Tureck_6_Major_bachTureck1953.wav,836.4685669,4698.391787,1603.535344
0,audio/bachTureck1953/Bach_1_Tureck_6_minor_bachTureck1953.wav,774.6972656,3721.104414,1424.906147
0,audio/bachTureck1953/Bach_1_Tureck_7_Major_bachTureck1953.wav,681.5888062,1872.450362,1154.124673
0,audio/bachTureck1953/Bach_1_Tureck_7_minor_bachTureck1953.wav,830.6932983,4095.82966,1350.525655
0,audio/bachTureck1953/Bach_1_Tureck_8_Major_bachTureck1953.wav,739.5801392,2041.051109,1285.298028
0,audio/bachTureck1953/Bach_1_Tureck_8_minor_bachTureck1953.wav,637.2944946,2408.796748,1086.197822
0,audio/bachTureck1953/Bach_1_Tureck_9_Major_bachTureck1953.wav,737.9302368,2119.017949,1179.968888
0,audio/bachTureck1953/Bach_1_Tureck_9_minor_bachTureck1953.wav,806.4898682,1882.272196,1182.681688
