,filename,onsets_essentia-hfc,onsets_essentia-complex,onsets_essentia-phase,onsets_essentia-flux,onsets_essentia-melflux,onsets_essentia-rms,onsets_MIRtoolbox-std,onsets_librosa-std
0,audio/Bach_1_NA_0_Major_flatMIDI.wav,128,128,139,128,204,156,129,128
0,audio/Bach_1_NA_0_minor_flatMIDI.wav,126,128,120,128,128,139,137,128
0,audio/Bach_1_NA_10_Major_flatMIDI.wav,127,128,144,128,149,180,152,128
0,audio/Bach_1_NA_10_minor_flatMIDI.wav,88,91,162,103,186,139,88,88
0,audio/Bach_1_NA_11_Major_flatMIDI.wav,116,128,150,129,168,160,135,123
0,audio/Bach_1_NA_11_minor_flatMIDI.wav,66,67,89,74,113,97,74,66
0,audio/Bach_1_NA_1_Major_flatMIDI.wav,34,48,29,48,49,54,46,48
0,audio/Bach_1_NA_1_minor_flatMIDI.wav,78,78,94,82,100,101,82,78
0,audio/Bach_1_NA_2_Major_flatMIDI.wav,84,127,85,126,128,132,121,128
0,audio/Bach_1_NA_2_minor_flatMIDI.wav,122,125,138,125,145,142,126,125
0,audio/Bach_1_NA_3_Major_flatMIDI.wav,125,126,153,126,175,149,140,126
0,audio/Bach_1_NA_3_minor_flatMIDI.wav,51,50,69,55,107,111,50,50
0,audio/Bach_1_NA_4_Major_flatMIDI.wav,96,97,113,100,139,112,102,97
0,audio/Bach_1_NA_4_minor_flatMIDI.wav,124,128,157,128,172,145,141,128
0,audio/Bach_1_NA_5_Major_flatMIDI.wav,140,192,181,187,194,212,191,185
0,audio/Bach_1_NA_5_minor_flatMIDI.wav,124,127,184,131,211,190,137,126
0,audio/Bach_1_NA_6_Major_flatMIDI.wav,94,96,123,97,132,113,104,96
0,audio/Bach_1_NA_6_minor_flatMIDI.wav,103,126,115,126,132,149,124,119
0,audio/Bach_1_NA_7_Major_flatMIDI.wav,189,192,213,194,265,244,200,192
0,audio/Bach_1_NA_7_minor_flatMIDI.wav,127,130,160,133,228,192,135,128
0,audio/Bach_1_NA_8_Major_flatMIDI.wav,56,56,69,57,81,67,57,56
0,audio/Bach_1_NA_8_minor_flatMIDI.wav,87,90,107,91,140,118,91,90
0,audio/Bach_1_NA_9_Major_flatMIDI.wav,102,124,122,125,144,133,127,125
0,audio/Bach_1_NA_9_minor_flatMIDI.wav,87,108,98,108,122,117,107,108
0,audio/bachAshk2006/Bach_1_Ashkenazy_0_Major_bachAshk2006.wav,104,128,166,135,187,212,167,134
0,audio/bachAshk2006/Bach_1_Ashkenazy_0_minor_bachAshk2006.wav,62,98,92,102,125,135,118,131
0,audio/bachAshk2006/Bach_1_Ashkenazy_10_Major_bachAshk2006.wav,95,134,141,132,200,193,158,184
0,audio/bachAshk2006/Bach_1_Ashkenazy_10_minor_bachAshk2006.wav,88,91,168,107,216,164,102,88
0,audio/bachAshk2006/Bach_1_Ashkenazy_11_Major_bachAshk2006.wav,61,105,91,109,123,142,109,118
0,audio/bachAshk2006/Bach_1_Ashkenazy_11_minor_bachAshk2006.wav,52,67,100,76,118,112,83,67
0,audio/bachAshk2006/Bach_1_Ashkenazy_1_Major_bachAshk2006.wav,30,40,39,40,44,45,36,48
0,audio/bachAshk2006/Bach_1_Ashkenazy_1_minor_bachAshk2006.wav,85,94,132,106,167,204,132,91
0,audio/bachAshk2006/Bach_1_Ashkenazy_2_Major_bachAshk2006.wav,60,92,88,89,116,112,90,127
0,audio/bachAshk2006/Bach_1_Ashkenazy_2_minor_bachAshk2006.wav,87,109,145,105,179,159,131,165
0,audio/bachAshk2006/Bach_1_Ashkenazy_3_Major_bachAshk2006.wav,100,138,122,139,165,189,138,146
0,audio/bachAshk2006/Bach_1_Ashkenazy_3_minor_bachAshk2006.wav,68,84,96,112,218,192,84,91
0,audio/bachAshk2006/Bach_1_Ashkenazy_4_Major_bachAshk2006.wav,85,100,132,113,141,165,130,108
0,audio/bachAshk2006/Bach_1_Ashkenazy_4_minor_bachAshk2006.wav,102,145,197,149,192,255,193,144
0,audio/bachAshk2006/Bach_1_Ashkenazy_5_Major_bachAshk2006.wav,100,138,143,141,183,209,176,115
0,audio/bachAshk2006/Bach_1_Ashkenazy_5_minor_bachAshk2006.wav,126,139,220,155,234,310,166,152
0,audio/bachAshk2006/Bach_1_Ashkenazy_6_Major_bachAshk2006.wav,84,98,116,102,119,135,104,100
0,audio/bachAshk2006/Bach_1_Ashkenazy_6_minor_bachAshk2006.wav,86,115,114,111,136,155,123,118
0,audio/bachAshk2006/Bach_1_Ashkenazy_7_Major_bachAshk2006.wav,73,117,130,111,178,163,141,143
0,audio/bachAshk2006/Bach_1_Ashkenazy_7_minor_bachAshk2006.wav,143,167,213,181,250,250,198,166
0,audio/bachAshk2006/Bach_1_Ashkenazy_8_Major_bachAshk2006.wav,53,56,56,58,86,62,54,57
0,audio/bachAshk2006/Bach_1_Ashkenazy_8_minor_bachAshk2006.wav,83,93,116,101,145,156,112,91
0,audio/bachAshk2006/Bach_1_Ashkenazy_9_Major_bachAshk2006.wav,91,123,125,124,152,175,122,127
0,audio/bachAshk2006/Bach_1_Ashkenazy_9_minor_bachAshk2006.wav,73,91,83,94,130,111,87,107
0,audio/bachAshk2006Deadpan/Bach_1_Ashkenazy_0_Major_bachAshk2006Deadpan.wav,110,129,139,134,206,179,148,128
0,audio/bachAshk2006Deadpan/Bach_1_Ashkenazy_0_minor_bachAshk2006Deadpan.wav,79,128,109,129,132,149,126,128
0,audio/bachAshk2006Deadpan/Bach_1_Ashkenazy_10_Major_bachAshk2006Deadpan.wav,67,170,150,155,230,216,187,241
0,audio/bachAshk2006Deadpan/Bach_1_Ashkenazy_10_minor_bachAshk2006Deadpan.wav,88,89,150,103,226,155,92,88
0,audio/bachAshk2006Deadpan/Bach_1_Ashkenazy_11_Major_bachAshk2006Deadpan.wav,74,118,100,116,126,143,131,126
0,audio/bachAshk2006Deadpan/Bach_1_Ashkenazy_11_minor_bachAshk2006Deadpan.wav,65,67,139,71,131,115,88,66
0,audio/bachAshk2006Deadpan/Bach_1_Ashkenazy_1_Major_bachAshk2006Deadpan.wav,22,33,32,33,46,48,45,44
0,audio/bachAshk2006Deadpan/Bach_1_Ashkenazy_1_minor_bachAshk2006Deadpan.wav,78,79,110,81,155,116,88,78
0,audio/bachAshk2006Deadpan/Bach_1_Ashkenazy_2_Major_bachAshk2006Deadpan.wav,61,107,94,104,122,128,107,125
0,audio/bachAshk2006Deadpan/Bach_1_Ashkenazy_2_minor_bachAshk2006Deadpan.wav,91,143,136,146,172,186,167,173
0,audio/bachAshk2006Deadpan/Bach_1_Ashkenazy_3_Major_bachAshk2006Deadpan.wav,111,141,148,140,157,188,159,143
0,audio/bachAshk2006Deadpan/Bach_1_Ashkenazy_3_minor_bachAshk2006Deadpan.wav,51,51,87,72,144,157,89,51
0,audio/bachAshk2006Deadpan/Bach_1_Ashkenazy_4_Major_bachAshk2006Deadpan.wav,96,98,122,101,142,140,123,97
0,audio/bachAshk2006Deadpan/Bach_1_Ashkenazy_4_minor_bachAshk2006Deadpan.wav,130,141,204,140,177,226,164,141
0,audio/bachAshk2006Deadpan/Bach_1_Ashkenazy_5_Major_bachAshk2006Deadpan.wav,97,163,158,163,185,195,187,190
0,audio/bachAshk2006Deadpan/Bach_1_Ashkenazy_5_minor_bachAshk2006Deadpan.wav,131,132,225,134,255,270,167,131
0,audio/bachAshk2006Deadpan/Bach_1_Ashkenazy_6_Major_bachAshk2006Deadpan.wav,87,98,112,98,114,127,110,97
0,audio/bachAshk2006Deadpan/Bach_1_Ashkenazy_6_minor_bachAshk2006Deadpan.wav,82,125,121,124,135,148,126,125
0,audio/bachAshk2006Deadpan/Bach_1_Ashkenazy_7_Major_bachAshk2006Deadpan.wav,81,150,132,145,184,182,165,183
0,audio/bachAshk2006Deadpan/Bach_1_Ashkenazy_7_minor_bachAshk2006Deadpan.wav,132,150,207,154,225,244,194,149
0,audio/bachAshk2006Deadpan/Bach_1_Ashkenazy_8_Major_bachAshk2006Deadpan.wav,44,56,60,57,69,73,56,57
0,audio/bachAshk2006Deadpan/Bach_1_Ashkenazy_8_minor_bachAshk2006Deadpan.wav,86,90,116,97,140,159,107,90
0,audio/bachAshk2006Deadpan/Bach_1_Ashkenazy_9_Major_bachAshk2006Deadpan.wav,102,126,135,127,142,154,145,124
0,audio/bachAshk2006Deadpan/Bach_1_Ashkenazy_9_minor_bachAshk2006Deadpan.wav,68,100,96,96,122,118,106,107
0,audio/bachBarenboim2006/Bach_1_Barenboim_0_Major_bachBarenboim2006.wav,63,121,74,119,130,136,95,128
0,audio/bachBarenboim2006/Bach_1_Barenboim_0_minor_bachBarenboim2006.wav,59,94,88,87,117,126,100,104
0,audio/bachBarenboim2006/Bach_1_Barenboim_10_Major_bachBarenboim2006.wav,77,111,141,115,168,182,143,174
0,audio/bachBarenboim2006/Bach_1_Barenboim_10_minor_bachBarenboim2006.wav,88,92,153,108,200,186,98,92
0,audio/bachBarenboim2006/Bach_1_Barenboim_11_Major_bachBarenboim2006.wav,81,120,143,138,167,232,101,125
0,audio/bachBarenboim2006/Bach_1_Barenboim_11_minor_bachBarenboim2006.wav,59,76,80,100,199,145,83,64
0,audio/bachBarenboim2006/Bach_1_Barenboim_1_Major_bachBarenboim2006.wav,25,42,35,40,46,43,37,48
0,audio/bachBarenboim2006/Bach_1_Barenboim_1_minor_bachBarenboim2006.wav,83,95,109,122,184,181,102,100
0,audio/bachBarenboim2006/Bach_1_Barenboim_2_Major_bachBarenboim2006.wav,68,96,86,104,115,116,93,121
0,audio/bachBarenboim2006/Bach_1_Barenboim_2_minor_bachBarenboim2006.wav,80,140,162,152,186,204,143,192
0,audio/bachBarenboim2006/Bach_1_Barenboim_3_Major_bachBarenboim2006.wav,104,123,148,130,168,210,154,141
0,audio/bachBarenboim2006/Bach_1_Barenboim_3_minor_bachBarenboim2006.wav,73,102,119,148,205,174,74,80
0,audio/bachBarenboim2006/Bach_1_Barenboim_4_Major_bachBarenboim2006.wav,75,99,89,102,121,158,92,108
0,audio/bachBarenboim2006/Bach_1_Barenboim_4_minor_bachBarenboim2006.wav,90,136,70,153,199,228,112,135
0,audio/bachBarenboim2006/Bach_1_Barenboim_5_Major_bachBarenboim2006.wav,103,151,141,143,181,181,145,195
0,audio/bachBarenboim2006/Bach_1_Barenboim_5_minor_bachBarenboim2006.wav,93,134,175,147,193,254,144,154
0,audio/bachBarenboim2006/Bach_1_Barenboim_6_Major_bachBarenboim2006.wav,77,98,95,96,122,129,86,109
0,audio/bachBarenboim2006/Bach_1_Barenboim_6_minor_bachBarenboim2006.wav,80,100,97,98,131,148,110,103
0,audio/bachBarenboim2006/Bach_1_Barenboim_7_Major_bachBarenboim2006.wav,89,140,124,137,174,174,136,176
0,audio/bachBarenboim2006/Bach_1_Barenboim_7_minor_bachBarenboim2006.wav,129,159,244,176,257,260,208,188
0,audio/bachBarenboim2006/Bach_1_Barenboim_8_Major_bachBarenboim2006.wav,51,56,59,57,99,91,62,56
0,audio/bachBarenboim2006/Bach_1_Barenboim_8_minor_bachBarenboim2006.wav,76,87,98,96,131,162,93,89
0,audio/bachBarenboim2006/Bach_1_Barenboim_9_Major_bachBarenboim2006.wav,92,126,113,128,185,187,121,125
0,audio/bachBarenboim2006/Bach_1_Barenboim_9_minor_bachBarenboim2006.wav,70,82,79,80,104,104,92,71
0,audio/bachDemaria2015/Bach_1_De-Maria_0_Major_bachDemaria2015.wav,65,125,143,131,160,191,147,138
0,audio/bachDemaria2015/Bach_1_De-Maria_0_minor_bachDemaria2015.wav,60,109,98,108,131,134,124,89
0,audio/bachDemaria2015/Bach_1_De-Maria_10_Major_bachDemaria2015.wav,93,150,146,152,209,200,170,224
0,audio/bachDemaria2015/Bach_1_De-Maria_10_minor_bachDemaria2015.wav,90,94,91,120,229,160,103,89
0,audio/bachDemaria2015/Bach_1_De-Maria_11_Major_bachDemaria2015.wav,63,101,121,109,138,169,126,123
0,audio/bachDemaria2015/Bach_1_De-Maria_11_minor_bachDemaria2015.wav,53,67,82,71,109,105,71,67
0,audio/bachDemaria2015/Bach_1_De-Maria_1_Major_bachDemaria2015.wav,25,40,25,38,47,41,29,48
0,audio/bachDemaria2015/Bach_1_De-Maria_1_minor_bachDemaria2015.wav,77,93,102,104,140,139,83,100
0,audio/bachDemaria2015/Bach_1_De-Maria_2_Major_bachDemaria2015.wav,78,114,89,112,125,128,103,130
0,audio/bachDemaria2015/Bach_1_De-Maria_2_minor_bachDemaria2015.wav,96,132,108,136,185,187,114,169
0,audio/bachDemaria2015/Bach_1_De-Maria_3_Major_bachDemaria2015.wav,105,136,140,138,167,188,140,148
0,audio/bachDemaria2015/Bach_1_De-Maria_3_minor_bachDemaria2015.wav,68,77,77,94,161,118,74,75
0,audio/bachDemaria2015/Bach_1_De-Maria_4_Major_bachDemaria2015.wav,85,104,94,112,136,127,90,112
0,audio/bachDemaria2015/Bach_1_De-Maria_4_minor_bachDemaria2015.wav,110,149,105,150,203,192,123,152
0,audio/bachDemaria2015/Bach_1_De-Maria_5_Major_bachDemaria2015.wav,80,136,146,132,185,196,150,188
0,audio/bachDemaria2015/Bach_1_De-Maria_5_minor_bachDemaria2015.wav,108,137,185,154,226,252,164,167
0,audio/bachDemaria2015/Bach_1_De-Maria_6_Major_bachDemaria2015.wav,92,106,92,108,134,127,88,113
0,audio/bachDemaria2015/Bach_1_De-Maria_6_minor_bachDemaria2015.wav,69,106,93,102,128,140,97,124
0,audio/bachDemaria2015/Bach_1_De-Maria_7_Major_bachDemaria2015.wav,71,134,119,135,179,167,135,114
0,audio/bachDemaria2015/Bach_1_De-Maria_7_minor_bachDemaria2015.wav,143,194,269,205,290,319,235,245
0,audio/bachDemaria2015/Bach_1_De-Maria_8_Major_bachDemaria2015.wav,56,55,56,56,92,66,55,56
0,audio/bachDemaria2015/Bach_1_De-Maria_8_minor_bachDemaria2015.wav,67,85,72,88,115,135,88,91
0,audio/bachDemaria2015/Bach_1_De-Maria_9_Major_bachDemaria2015.wav,81,114,79,119,139,131,101,125
0,audio/bachDemaria2015/Bach_1_De-Maria_9_minor_bachDemaria2015.wav,53,86,74,86,116,110,88,95
0,audio/bachDemaria2015Deadpan/Bach_1_De-Maria_0_Major_bachDemaria2015Deadpan.wav,91,129,117,137,172,159,131,129
0,audio/bachDemaria2015Deadpan/Bach_1_De-Maria_0_minor_bachDemaria2015Deadpan.wav,78,128,112,126,129,144,123,128
0,audio/bachDemaria2015Deadpan/Bach_1_De-Maria_10_Major_bachDemaria2015Deadpan.wav,72,180,165,150,228,222,180,231
0,audio/bachDemaria2015Deadpan/Bach_1_De-Maria_10_minor_bachDemaria2015Deadpan.wav,88,90,150,99,226,171,105,88
0,audio/bachDemaria2015Deadpan/Bach_1_De-Maria_11_Major_bachDemaria2015Deadpan.wav,94,125,124,122,136,173,153,127
0,audio/bachDemaria2015Deadpan/Bach_1_De-Maria_11_minor_bachDemaria2015Deadpan.wav,58,66,109,67,100,132,87,66
0,audio/bachDemaria2015Deadpan/Bach_1_De-Maria_1_Major_bachDemaria2015Deadpan.wav,28,39,38,39,47,53,48,48
0,audio/bachDemaria2015Deadpan/Bach_1_De-Maria_1_minor_bachDemaria2015Deadpan.wav,73,80,101,81,139,108,86,78
0,audio/bachDemaria2015Deadpan/Bach_1_De-Maria_2_Major_bachDemaria2015Deadpan.wav,69,117,102,106,122,122,111,126
0,audio/bachDemaria2015Deadpan/Bach_1_De-Maria_2_minor_bachDemaria2015Deadpan.wav,104,154,148,151,180,188,166,175
0,audio/bachDemaria2015Deadpan/Bach_1_De-Maria_3_Major_bachDemaria2015Deadpan.wav,110,143,149,141,168,204,167,144
0,audio/bachDemaria2015Deadpan/Bach_1_De-Maria_3_minor_bachDemaria2015Deadpan.wav,50,52,73,63,152,134,94,50
0,audio/bachDemaria2015Deadpan/Bach_1_De-Maria_4_Major_bachDemaria2015Deadpan.wav,94,98,124,100,134,139,125,97
0,audio/bachDemaria2015Deadpan/Bach_1_De-Maria_4_minor_bachDemaria2015Deadpan.wav,126,137,197,137,155,240,172,136
0,audio/bachDemaria2015Deadpan/Bach_1_De-Maria_5_Major_bachDemaria2015Deadpan.wav,97,164,167,162,193,215,191,191
0,audio/bachDemaria2015Deadpan/Bach_1_De-Maria_5_minor_bachDemaria2015Deadpan.wav,122,132,184,134,197,250,164,131
0,audio/bachDemaria2015Deadpan/Bach_1_De-Maria_6_Major_bachDemaria2015Deadpan.wav,89,97,119,98,123,133,110,97
0,audio/bachDemaria2015Deadpan/Bach_1_De-Maria_6_minor_bachDemaria2015Deadpan.wav,69,120,108,115,126,136,118,126
0,audio/bachDemaria2015Deadpan/Bach_1_De-Maria_7_Major_bachDemaria2015Deadpan.wav,77,152,136,144,183,183,153,183
0,audio/bachDemaria2015Deadpan/Bach_1_De-Maria_7_minor_bachDemaria2015Deadpan.wav,135,150,207,159,232,278,193,149
0,audio/bachDemaria2015Deadpan/Bach_1_De-Maria_8_Major_bachDemaria2015Deadpan.wav,46,57,59,57,71,71,60,56
0,audio/bachDemaria2015Deadpan/Bach_1_De-Maria_8_minor_bachDemaria2015Deadpan.wav,80,90,92,92,123,143,107,90
0,audio/bachDemaria2015Deadpan/Bach_1_De-Maria_9_Major_bachDemaria2015Deadpan.wav,96,126,125,126,127,170,127,124
0,audio/bachDemaria2015Deadpan/Bach_1_De-Maria_9_minor_bachDemaria2015Deadpan.wav,63,87,89,86,114,107,109,107
0,audio/bachDemus1970/Bach_1_Demus_0_Major_bachDemus1970.wav,79,129,134,142,171,203,125,121
0,audio/bachDemus1970/Bach_1_Demus_0_minor_bachDemus1970.wav,48,114,97,112,132,123,94,124
0,audio/bachDemus1970/Bach_1_Demus_10_Major_bachDemus1970.wav,89,182,163,176,222,211,173,171
0,audio/bachDemus1970/Bach_1_Demus_10_minor_bachDemus1970.wav,89,93,139,106,255,159,111,88
0,audio/bachDemus1970/Bach_1_Demus_11_Major_bachDemus1970.wav,75,127,125,128,158,168,112,121
0,audio/bachDemus1970/Bach_1_Demus_11_minor_bachDemus1970.wav,39,67,55,76,117,53,39,59
0,audio/bachDemus1970/Bach_1_Demus_1_Major_bachDemus1970.wav,31,46,37,43,49,42,39,41
0,audio/bachDemus1970/Bach_1_Demus_1_minor_bachDemus1970.wav,77,93,91,101,167,125,75,93
0,audio/bachDemus1970/Bach_1_Demus_2_Major_bachDemus1970.wav,78,119,95,117,130,127,106,126
0,audio/bachDemus1970/Bach_1_Demus_2_minor_bachDemus1970.wav,103,177,150,168,197,202,169,189
0,audio/bachDemus1970/Bach_1_Demus_3_Major_bachDemus1970.wav,91,140,104,136,171,155,116,142
0,audio/bachDemus1970/Bach_1_Demus_3_minor_bachDemus1970.wav,65,82,78,92,201,124,67,79
0,audio/bachDemus1970/Bach_1_Demus_4_Major_bachDemus1970.wav,82,105,102,108,149,128,87,106
0,audio/bachDemus1970/Bach_1_Demus_4_minor_bachDemus1970.wav,96,172,73,175,244,129,83,170
0,audio/bachDemus1970/Bach_1_Demus_5_Major_bachDemus1970.wav,88,158,161,159,200,224,171,140
0,audio/bachDemus1970/Bach_1_Demus_5_minor_bachDemus1970.wav,101,136,118,142,204,158,105,145
0,audio/bachDemus1970/Bach_1_Demus_6_Major_bachDemus1970.wav,74,111,115,117,160,113,98,122
0,audio/bachDemus1970/Bach_1_Demus_6_minor_bachDemus1970.wav,81,114,117,109,134,148,115,119
0,audio/bachDemus1970/Bach_1_Demus_7_Major_bachDemus1970.wav,67,125,109,121,165,162,119,100
0,audio/bachDemus1970/Bach_1_Demus_7_minor_bachDemus1970.wav,141,197,237,207,308,292,199,212
0,audio/bachDemus1970/Bach_1_Demus_8_Major_bachDemus1970.wav,55,59,57,64,117,70,60,57
0,audio/bachDemus1970/Bach_1_Demus_8_minor_bachDemus1970.wav,74,92,95,94,141,152,89,92
0,audio/bachDemus1970/Bach_1_Demus_9_Major_bachDemus1970.wav,75,122,81,121,136,125,95,125
0,audio/bachDemus1970/Bach_1_Demus_9_minor_bachDemus1970.wav,80,99,71,98,141,109,85,110
0,audio/bachFischer1934/Bach_1_Fischer_0_Major_bachFischer1934.wav,57,108,97,114,139,144,114,159
0,audio/bachFischer1934/Bach_1_Fischer_0_minor_bachFischer1934.wav,51,83,95,72,127,118,97,113
0,audio/bachFischer1934/Bach_1_Fischer_10_Major_bachFischer1934.wav,43,96,123,100,139,141,118,205
0,audio/bachFischer1934/Bach_1_Fischer_10_minor_bachFischer1934.wav,92,115,111,142,291,152,126,290
0,audio/bachFischer1934/Bach_1_Fischer_11_Major_bachFischer1934.wav,23,105,144,121,162,191,134,185
0,audio/bachFischer1934/Bach_1_Fischer_11_minor_bachFischer1934.wav,43,68,89,71,132,127,86,85
0,audio/bachFischer1934/Bach_1_Fischer_1_Major_bachFischer1934.wav,17,47,33,49,52,46,42,63
0,audio/bachFischer1934/Bach_1_Fischer_1_minor_bachFischer1934.wav,53,87,108,95,177,140,119,133
0,audio/bachFischer1934/Bach_1_Fischer_2_Major_bachFischer1934.wav,43,91,85,91,121,115,100,116
0,audio/bachFischer1934/Bach_1_Fischer_2_minor_bachFischer1934.wav,32,125,143,125,170,173,155,197
0,audio/bachFischer1934/Bach_1_Fischer_3_Major_bachFischer1934.wav,68,109,122,111,155,174,153,108
0,audio/bachFischer1934/Bach_1_Fischer_3_minor_bachFischer1934.wav,39,84,95,102,183,84,54,204
0,audio/bachFischer1934/Bach_1_Fischer_4_Major_bachFischer1934.wav,49,92,84,92,106,116,82,104
0,audio/bachFischer1934/Bach_1_Fischer_4_minor_bachFischer1934.wav,55,127,167,139,178,226,146,121
0,audio/bachFischer1934/Bach_1_Fischer_5_Major_bachFischer1934.wav,57,96,114,87,142,158,115,106
0,audio/bachFischer1934/Bach_1_Fischer_5_minor_bachFischer1934.wav,76,120,142,136,171,227,144,147
0,audio/bachFischer1934/Bach_1_Fischer_6_Major_bachFischer1934.wav,26,65,85,71,97,107,72,117
0,audio/bachFischer1934/Bach_1_Fischer_6_minor_bachFischer1934.wav,59,85,101,79,124,124,98,101
0,audio/bachFischer1934/Bach_1_Fischer_7_Major_bachFischer1934.wav,67,100,111,97,166,153,99,127
0,audio/bachFischer1934/Bach_1_Fischer_7_minor_bachFischer1934.wav,82,165,205,182,262,271,168,356
0,audio/bachFischer1934/Bach_1_Fischer_8_Major_bachFischer1934.wav,37,60,78,64,95,89,67,90
0,audio/bachFischer1934/Bach_1_Fischer_8_minor_bachFischer1934.wav,50,91,116,100,136,163,105,205
0,audio/bachFischer1934/Bach_1_Fischer_9_Major_bachFischer1934.wav,59,94,113,102,128,148,134,140
0,audio/bachFischer1934/Bach_1_Fischer_9_minor_bachFischer1934.wav,53,71,83,79,106,108,91,70
0,audio/bachGalling1964/Bach_1_Galling_0_Major_bachGalling1964.wav,128,146,145,158,185,213,136,132
0,audio/bachGalling1964/Bach_1_Galling_0_minor_bachGalling1964.wav,128,130,152,129,159,220,157,128
0,audio/bachGalling1964/Bach_1_Galling_10_Major_bachGalling1964.wav,150,204,177,197,235,229,215,244
0,audio/bachGalling1964/Bach_1_Galling_10_minor_bachGalling1964.wav,90,109,154,105,187,253,144,88
0,audio/bachGalling1964/Bach_1_Galling_11_Major_bachGalling1964.wav,140,145,143,145,200,243,154,141
0,audio/bachGalling1964/Bach_1_Galling_11_minor_bachGalling1964.wav,66,68,98,68,127,168,91,66
0,audio/bachGalling1964/Bach_1_Galling_1_Major_bachGalling1964.wav,37,48,44,48,48,52,48,49
0,audio/bachGalling1964/Bach_1_Galling_1_minor_bachGalling1964.wav,89,96,103,103,152,167,104,102
0,audio/bachGalling1964/Bach_1_Galling_2_Major_bachGalling1964.wav,97,123,94,124,132,127,123,129
0,audio/bachGalling1964/Bach_1_Galling_2_minor_bachGalling1964.wav,151,185,157,183,199,197,186,181
0,audio/bachGalling1964/Bach_1_Galling_3_Major_bachGalling1964.wav,133,138,134,139,164,194,161,145
0,audio/bachGalling1964/Bach_1_Galling_3_minor_bachGalling1964.wav,88,94,132,100,177,279,104,62
0,audio/bachGalling1964/Bach_1_Galling_4_Major_bachGalling1964.wav,99,109,100,111,138,165,118,114
0,audio/bachGalling1964/Bach_1_Galling_4_minor_bachGalling1964.wav,137,152,180,152,188,208,172,148
0,audio/bachGalling1964/Bach_1_Galling_5_Major_bachGalling1964.wav,174,197,185,201,217,272,227,168
0,audio/bachGalling1964/Bach_1_Galling_5_minor_bachGalling1964.wav,135,133,192,136,195,318,201,135
0,audio/bachGalling1964/Bach_1_Galling_6_Major_bachGalling1964.wav,94,103,114,101,124,153,112,106
0,audio/bachGalling1964/Bach_1_Galling_6_minor_bachGalling1964.wav,109,128,113,127,144,157,123,126
0,audio/bachGalling1964/Bach_1_Galling_7_Major_bachGalling1964.wav,120,169,123,157,178,183,171,131
0,audio/bachGalling1964/Bach_1_Galling_7_minor_bachGalling1964.wav,145,180,180,181,242,302,243,215
0,audio/bachGalling1964/Bach_1_Galling_8_Major_bachGalling1964.wav,57,66,67,69,105,86,61,57
0,audio/bachGalling1964/Bach_1_Galling_8_minor_bachGalling1964.wav,88,92,104,93,142,204,114,89
0,audio/bachGalling1964/Bach_1_Galling_9_Major_bachGalling1964.wav,107,126,111,125,145,152,124,114
0,audio/bachGalling1964/Bach_1_Galling_9_minor_bachGalling1964.wav,96,104,101,103,127,163,122,98
0,audio/bachGould1971/Bach_1_Gould_0_Major_bachGould1971.wav,106,131,141,139,217,153,138,132
0,audio/bachGould1971/Bach_1_Gould_0_minor_bachGould1971.wav,128,128,126,128,138,137,128,128
0,audio/bachGould1971/Bach_1_Gould_10_Major_bachGould1971.wav,71,106,129,106,152,165,169,141
0,audio/bachGould1971/Bach_1_Gould_10_minor_bachGould1971.wav,91,115,101,140,371,172,91,130
0,audio/bachGould1971/Bach_1_Gould_11_Major_bachGould1971.wav,89,121,112,121,149,161,110,151
0,audio/bachGould1971/Bach_1_Gould_11_minor_bachGould1971.wav,67,67,82,68,149,77,76,70
0,audio/bachGould1971/Bach_1_Gould_1_Major_bachGould1971.wav,19,34,30,34,40,33,30,36
0,audio/bachGould1971/Bach_1_Gould_1_minor_bachGould1971.wav,72,86,107,90,151,125,89,92
0,audio/bachGould1971/Bach_1_Gould_2_Major_bachGould1971.wav,44,71,71,69,96,86,85,74
0,audio/bachGould1971/Bach_1_Gould_2_minor_bachGould1971.wav,78,150,134,143,183,169,145,160
0,audio/bachGould1971/Bach_1_Gould_3_Major_bachGould1971.wav,119,150,196,155,298,163,142,172
0,audio/bachGould1971/Bach_1_Gould_3_minor_bachGould1971.wav,61,84,70,105,192,116,62,100
0,audio/bachGould1971/Bach_1_Gould_4_Major_bachGould1971.wav,95,103,113,115,166,146,121,115
0,audio/bachGould1971/Bach_1_Gould_4_minor_bachGould1971.wav,118,141,139,147,265,163,141,149
0,audio/bachGould1971/Bach_1_Gould_5_Major_bachGould1971.wav,105,159,137,146,187,189,170,182
0,audio/bachGould1971/Bach_1_Gould_5_minor_bachGould1971.wav,132,168,371,189,502,273,201,232
0,audio/bachGould1971/Bach_1_Gould_6_Major_bachGould1971.wav,88,102,133,108,201,120,113,107
0,audio/bachGould1971/Bach_1_Gould_6_minor_bachGould1971.wav,83,126,104,121,138,137,120,133
0,audio/bachGould1971/Bach_1_Gould_7_Major_bachGould1971.wav,44,98,104,96,136,130,122,136
0,audio/bachGould1971/Bach_1_Gould_7_minor_bachGould1971.wav,107,192,245,187,298,270,200,229
0,audio/bachGould1971/Bach_1_Gould_8_Major_bachGould1971.wav,48,54,61,54,87,70,50,60
0,audio/bachGould1971/Bach_1_Gould_8_minor_bachGould1971.wav,80,92,96,94,125,128,102,101
0,audio/bachGould1971/Bach_1_Gould_9_Major_bachGould1971.wav,89,119,98,113,135,128,110,124
0,audio/bachGould1971/Bach_1_Gould_9_minor_bachGould1971.wav,92,102,97,101,151,123,105,120
0,audio/bachGulda1995/Bach_1_Gulda_0_Major_bachGulda.wav,94,130,135,132,167,183,132,127
0,audio/bachGulda1995/Bach_1_Gulda_0_minor_bachGulda.wav,66,128,131,129,161,162,131,127
0,audio/bachGulda1995/Bach_1_Gulda_10_Major_bachGulda.wav,72,144,139,146,182,178,158,161
0,audio/bachGulda1995/Bach_1_Gulda_10_minor_bachGulda.wav,90,104,123,116,293,145,97,91
0,audio/bachGulda1995/Bach_1_Gulda_11_Major_bachGulda.wav,87,121,116,119,163,165,130,123
0,audio/bachGulda1995/Bach_1_Gulda_11_minor_bachGulda.wav,66,69,73,88,234,72,68,67
0,audio/bachGulda1995/Bach_1_Gulda_1_Major_bachGulda.wav,20,43,28,38,48,41,32,42
0,audio/bachGulda1995/Bach_1_Gulda_1_minor_bachGulda.wav,71,93,86,101,130,97,77,100
0,audio/bachGulda1995/Bach_1_Gulda_2_Major_bachGulda.wav,77,123,81,119,135,122,99,129
0,audio/bachGulda1995/Bach_1_Gulda_2_minor_bachGulda.wav,102,169,132,167,193,173,141,182
0,audio/bachGulda1995/Bach_1_Gulda_3_Major_bachGulda.wav,93,121,100,121,146,138,140,109
0,audio/bachGulda1995/Bach_1_Gulda_3_minor_bachGulda.wav,75,103,101,107,222,154,105,105
0,audio/bachGulda1995/Bach_1_Gulda_4_Major_bachGulda.wav,86,104,96,115,164,134,101,114
0,audio/bachGulda1995/Bach_1_Gulda_4_minor_bachGulda.wav,84,147,116,144,200,163,131,139
0,audio/bachGulda1995/Bach_1_Gulda_5_Major_bachGulda.wav,98,152,140,143,193,198,159,166
0,audio/bachGulda1995/Bach_1_Gulda_5_minor_bachGulda.wav,89,136,140,139,188,185,136,144
0,audio/bachGulda1995/Bach_1_Gulda_6_Major_bachGulda.wav,86,102,113,107,147,112,100,113
0,audio/bachGulda1995/Bach_1_Gulda_6_minor_bachGulda.wav,74,112,87,109,130,122,105,90
0,audio/bachGulda1995/Bach_1_Gulda_7_Major_bachGulda.wav,83,162,126,150,189,169,161,176
0,audio/bachGulda1995/Bach_1_Gulda_7_minor_bachGulda.wav,124,164,162,166,219,261,167,140
0,audio/bachGulda1995/Bach_1_Gulda_8_Major_bachGulda.wav,50,58,59,63,103,61,56,57
0,audio/bachGulda1995/Bach_1_Gulda_8_minor_bachGulda.wav,76,93,84,102,136,115,82,91
0,audio/bachGulda1995/Bach_1_Gulda_9_Major_bachGulda.wav,82,115,94,112,133,120,107,113
0,audio/bachGulda1995/Bach_1_Gulda_9_minor_bachGulda.wav,74,103,81,103,126,110,93,107
0,audio/bachHamilton1964/Bach_1_Hamilton_0_Major_bachHamilton1964.wav,128,131,156,132,164,245,141,129
0,audio/bachHamilton1964/Bach_1_Hamilton_0_minor_bachHamilton1964.wav,100,125,104,126,133,126,120,112
0,audio/bachHamilton1964/Bach_1_Hamilton_10_Major_bachHamilton1964.wav,115,181,158,178,220,214,215,246
0,audio/bachHamilton1964/Bach_1_Hamilton_10_minor_bachHamilton1964.wav,90,103,177,105,200,307,134,90
0,audio/bachHamilton1964/Bach_1_Hamilton_11_Major_bachHamilton1964.wav,119,131,137,132,165,202,143,128
0,audio/bachHamilton1964/Bach_1_Hamilton_11_minor_bachHamilton1964.wav,69,70,138,73,172,169,90,75
0,audio/bachHamilton1964/Bach_1_Hamilton_1_Major_bachHamilton1964.wav,29,45,41,44,54,52,48,53
0,audio/bachHamilton1964/Bach_1_Hamilton_1_minor_bachHamilton1964.wav,85,94,132,95,167,251,112,84
0,audio/bachHamilton1964/Bach_1_Hamilton_2_Major_bachHamilton1964.wav,77,111,86,107,126,114,109,116
0,audio/bachHamilton1964/Bach_1_Hamilton_2_minor_bachHamilton1964.wav,137,155,143,154,190,180,168,160
0,audio/bachHamilton1964/Bach_1_Hamilton_3_Major_bachHamilton1964.wav,153,159,172,162,201,221,171,162
0,audio/bachHamilton1964/Bach_1_Hamilton_3_minor_bachHamilton1964.wav,65,71,97,81,140,191,102,73
0,audio/bachHamilton1964/Bach_1_Hamilton_4_Major_bachHamilton1964.wav,91,99,109,99,126,172,115,92
0,audio/bachHamilton1964/Bach_1_Hamilton_4_minor_bachHamilton1964.wav,138,161,185,166,227,247,167,167
0,audio/bachHamilton1964/Bach_1_Hamilton_5_Major_bachHamilton1964.wav,131,173,169,171,203,220,196,181
0,audio/bachHamilton1964/Bach_1_Hamilton_5_minor_bachHamilton1964.wav,121,137,185,138,240,341,172,134
0,audio/bachHamilton1964/Bach_1_Hamilton_6_Major_bachHamilton1964.wav,91,99,110,101,130,117,108,108
0,audio/bachHamilton1964/Bach_1_Hamilton_6_minor_bachHamilton1964.wav,107,121,116,123,137,162,143,127
0,audio/bachHamilton1964/Bach_1_Hamilton_7_Major_bachHamilton1964.wav,120,155,149,158,191,196,179,185
0,audio/bachHamilton1964/Bach_1_Hamilton_7_minor_bachHamilton1964.wav,136,165,217,174,287,365,296,214
0,audio/bachHamilton1964/Bach_1_Hamilton_8_Major_bachHamilton1964.wav,51,63,57,62,93,65,57,54
0,audio/bachHamilton1964/Bach_1_Hamilton_8_minor_bachHamilton1964.wav,76,93,97,95,122,166,94,89
0,audio/bachHamilton1964/Bach_1_Hamilton_9_Major_bachHamilton1964.wav,112,127,115,129,156,136,126,124
0,audio/bachHamilton1964/Bach_1_Hamilton_9_minor_bachHamilton1964.wav,87,101,95,100,135,129,104,88
0,audio/bachKirkpatrick1963/Bach_1_Kirkpatrick_0_Major_bachKirkpatrick1963.wav,125,131,113,130,147,161,147,131
0,audio/bachKirkpatrick1963/Bach_1_Kirkpatrick_0_minor_bachKirkpatrick1963.wav,87,117,97,107,124,139,125,81
0,audio/bachKirkpatrick1963/Bach_1_Kirkpatrick_10_Major_bachKirkpatrick1963.wav,70,145,147,133,181,195,164,107
0,audio/bachKirkpatrick1963/Bach_1_Kirkpatrick_10_minor_bachKirkpatrick1963.wav,92,111,129,117,211,253,92,113
0,audio/bachKirkpatrick1963/Bach_1_Kirkpatrick_11_Major_bachKirkpatrick1963.wav,124,121,118,125,139,164,135,109
0,audio/bachKirkpatrick1963/Bach_1_Kirkpatrick_11_minor_bachKirkpatrick1963.wav,56,71,81,72,103,141,88,69
0,audio/bachKirkpatrick1963/Bach_1_Kirkpatrick_1_Major_bachKirkpatrick1963.wav,26,38,27,39,39,43,39,28
0,audio/bachKirkpatrick1963/Bach_1_Kirkpatrick_1_minor_bachKirkpatrick1963.wav,86,98,104,103,134,144,86,89
0,audio/bachKirkpatrick1963/Bach_1_Kirkpatrick_2_Major_bachKirkpatrick1963.wav,62,95,90,91,117,130,95,97
0,audio/bachKirkpatrick1963/Bach_1_Kirkpatrick_2_minor_bachKirkpatrick1963.wav,82,130,116,128,166,181,157,127
0,audio/bachKirkpatrick1963/Bach_1_Kirkpatrick_3_Major_bachKirkpatrick1963.wav,82,105,109,107,117,136,132,122
0,audio/bachKirkpatrick1963/Bach_1_Kirkpatrick_3_minor_bachKirkpatrick1963.wav,90,102,118,100,174,184,144,103
0,audio/bachKirkpatrick1963/Bach_1_Kirkpatrick_4_Major_bachKirkpatrick1963.wav,94,96,116,100,134,159,104,103
0,audio/bachKirkpatrick1963/Bach_1_Kirkpatrick_4_minor_bachKirkpatrick1963.wav,101,126,117,128,161,158,120,129
0,audio/bachKirkpatrick1963/Bach_1_Kirkpatrick_5_Major_bachKirkpatrick1963.wav,83,109,130,104,149,190,176,92
0,audio/bachKirkpatrick1963/Bach_1_Kirkpatrick_5_minor_bachKirkpatrick1963.wav,125,131,173,135,194,298,201,141
0,audio/bachKirkpatrick1963/Bach_1_Kirkpatrick_6_Major_bachKirkpatrick1963.wav,88,98,94,99,113,117,107,96
0,audio/bachKirkpatrick1963/Bach_1_Kirkpatrick_6_minor_bachKirkpatrick1963.wav,109,122,116,120,145,187,134,133
0,audio/bachKirkpatrick1963/Bach_1_Kirkpatrick_7_Major_bachKirkpatrick1963.wav,78,109,110,104,144,165,116,122
0,audio/bachKirkpatrick1963/Bach_1_Kirkpatrick_7_minor_bachKirkpatrick1963.wav,199,214,316,229,345,336,256,264
0,audio/bachKirkpatrick1963/Bach_1_Kirkpatrick_8_Major_bachKirkpatrick1963.wav,55,63,64,65,94,76,58,63
0,audio/bachKirkpatrick1963/Bach_1_Kirkpatrick_8_minor_bachKirkpatrick1963.wav,91,93,97,94,125,139,97,93
0,audio/bachKirkpatrick1963/Bach_1_Kirkpatrick_9_Major_bachKirkpatrick1963.wav,113,125,114,123,154,147,125,126
0,audio/bachKirkpatrick1963/Bach_1_Kirkpatrick_9_minor_bachKirkpatrick1963.wav,93,111,114,115,145,150,111,111
0,audio/bachLandowska1951/Bach_1_Landowska_0_Major_bachLandowska1951.wav,98,112,122,113,151,202,140,109
0,audio/bachLandowska1951/Bach_1_Landowska_0_minor_bachLandowska1951.wav,81,99,95,91,123,132,124,126
0,audio/bachLandowska1951/Bach_1_Landowska_10_Major_bachLandowska1951.wav,70,116,135,113,153,211,189,69
0,audio/bachLandowska1951/Bach_1_Landowska_10_minor_bachLandowska1951.wav,103,97,204,98,229,384,237,107
0,audio/bachLandowska1951/Bach_1_Landowska_11_Major_bachLandowska1951.wav,128,129,184,130,177,303,185,107
0,audio/bachLandowska1951/Bach_1_Landowska_11_minor_bachLandowska1951.wav,67,67,88,67,111,163,106,68
0,audio/bachLandowska1951/Bach_1_Landowska_1_Major_bachLandowska1951.wav,25,39,35,38,49,52,50,55
0,audio/bachLandowska1951/Bach_1_Landowska_1_minor_bachLandowska1951.wav,108,111,151,116,172,239,180,149
0,audio/bachLandowska1951/Bach_1_Landowska_2_Major_bachLandowska1951.wav,79,104,97,102,125,123,117,126
0,audio/bachLandowska1951/Bach_1_Landowska_2_minor_bachLandowska1951.wav,113,120,154,121,160,197,186,197
0,audio/bachLandowska1951/Bach_1_Landowska_3_Major_bachLandowska1951.wav,144,156,168,157,209,244,181,162
0,audio/bachLandowska1951/Bach_1_Landowska_3_minor_bachLandowska1951.wav,86,82,123,98,157,255,110,59
0,audio/bachLandowska1951/Bach_1_Landowska_4_Major_bachLandowska1951.wav,88,95,124,95,126,206,145,74
0,audio/bachLandowska1951/Bach_1_Landowska_4_minor_bachLandowska1951.wav,128,145,171,142,207,322,208,173
0,audio/bachLandowska1951/Bach_1_Landowska_5_Major_bachLandowska1951.wav,106,127,151,125,170,235,166,73
0,audio/bachLandowska1951/Bach_1_Landowska_5_minor_bachLandowska1951.wav,122,121,222,126,185,378,217,67
0,audio/bachLandowska1951/Bach_1_Landowska_6_Major_bachLandowska1951.wav,87,95,107,98,111,156,104,93
0,audio/bachLandowska1951/Bach_1_Landowska_6_minor_bachLandowska1951.wav,108,109,117,106,130,170,132,106
0,audio/bachLandowska1951/Bach_1_Landowska_7_Major_bachLandowska1951.wav,73,75,109,75,142,194,165,52
0,audio/bachLandowska1951/Bach_1_Landowska_7_minor_bachLandowska1951.wav,96,126,210,128,195,326,229,77
0,audio/bachLandowska1951/Bach_1_Landowska_8_Major_bachLandowska1951.wav,53,57,63,55,79,103,69,57
0,audio/bachLandowska1951/Bach_1_Landowska_8_minor_bachLandowska1951.wav,89,91,98,92,118,167,104,91
0,audio/bachLandowska1951/Bach_1_Landowska_9_Major_bachLandowska1951.wav,112,125,109,125,151,193,133,123
0,audio/bachLandowska1951/Bach_1_Landowska_9_minor_bachLandowska1951.wav,76,85,109,84,109,136,108,62
0,audio/bachLeonhardt1973/Bach_1_Leonhardt_0_Major_bachLeonhardt1973.wav,128,131,114,131,155,161,125,129
0,audio/bachLeonhardt1973/Bach_1_Leonhardt_0_minor_bachLeonhardt1973.wav,118,119,100,115,126,149,142,105
0,audio/bachLeonhardt1973/Bach_1_Leonhardt_10_Major_bachLeonhardt1973.wav,97,148,168,139,193,214,205,175
0,audio/bachLeonhardt1973/Bach_1_Leonhardt_10_minor_bachLeonhardt1973.wav,96,114,116,116,214,196,95,125
0,audio/bachLeonhardt1973/Bach_1_Leonhardt_11_Major_bachLeonhardt1973.wav,128,138,148,141,178,238,182,137
0,audio/bachLeonhardt1973/Bach_1_Leonhardt_11_minor_bachLeonhardt1973.wav,67,79,78,79,102,128,90,70
0,audio/bachLeonhardt1973/Bach_1_Leonhardt_1_Major_bachLeonhardt1973.wav,49,49,38,49,52,54,52,51
0,audio/bachLeonhardt1973/Bach_1_Leonhardt_1_minor_bachLeonhardt1973.wav,94,104,123,106,173,170,106,102
0,audio/bachLeonhardt1973/Bach_1_Leonhardt_2_Major_bachLeonhardt1973.wav,104,126,96,127,139,136,124,114
0,audio/bachLeonhardt1973/Bach_1_Leonhardt_2_minor_bachLeonhardt1973.wav,190,193,147,193,221,232,200,199
0,audio/bachLeonhardt1973/Bach_1_Leonhardt_3_Major_bachLeonhardt1973.wav,129,137,143,144,166,221,168,132
0,audio/bachLeonhardt1973/Bach_1_Leonhardt_3_minor_bachLeonhardt1973.wav,63,74,113,69,132,196,88,75
0,audio/bachLeonhardt1973/Bach_1_Leonhardt_4_Major_bachLeonhardt1973.wav,94,106,108,104,156,215,122,111
0,audio/bachLeonhardt1973/Bach_1_Leonhardt_4_minor_bachLeonhardt1973.wav,129,134,125,131,168,216,153,140
0,audio/bachLeonhardt1973/Bach_1_Leonhardt_5_Major_bachLeonhardt1973.wav,155,198,180,199,248,289,255,176
0,audio/bachLeonhardt1973/Bach_1_Leonhardt_5_minor_bachLeonhardt1973.wav,138,149,174,149,204,318,235,149
0,audio/bachLeonhardt1973/Bach_1_Leonhardt_6_Major_bachLeonhardt1973.wav,100,106,120,110,142,161,123,102
0,audio/bachLeonhardt1973/Bach_1_Leonhardt_6_minor_bachLeonhardt1973.wav,118,133,127,133,175,211,150,127
0,audio/bachLeonhardt1973/Bach_1_Leonhardt_7_Major_bachLeonhardt1973.wav,133,175,146,171,201,200,192,172
0,audio/bachLeonhardt1973/Bach_1_Leonhardt_7_minor_bachLeonhardt1973.wav,127,162,179,157,230,293,219,208
0,audio/bachLeonhardt1973/Bach_1_Leonhardt_8_Major_bachLeonhardt1973.wav,52,81,63,84,120,95,66,65
0,audio/bachLeonhardt1973/Bach_1_Leonhardt_8_minor_bachLeonhardt1973.wav,92,109,98,109,154,192,111,93
0,audio/bachLeonhardt1973/Bach_1_Leonhardt_9_Major_bachLeonhardt1973.wav,123,141,125,142,189,197,141,133
0,audio/bachLeonhardt1973/Bach_1_Leonhardt_9_minor_bachLeonhardt1973.wav,72,97,90,93,131,128,102,87
0,audio/bachMartins1964/Bach_1_Martins_0_Major_bachMartins1964.wav,43,124,146,134,172,182,130,128
0,audio/bachMartins1964/Bach_1_Martins_0_minor_bachMartins1964.wav,29,84,92,86,119,117,119,59
0,audio/bachMartins1964/Bach_1_Martins_10_Major_bachMartins1964.wav,66,111,144,111,179,188,181,124
0,audio/bachMartins1964/Bach_1_Martins_10_minor_bachMartins1964.wav,85,96,146,114,282,148,100,88
0,audio/bachMartins1964/Bach_1_Martins_11_Major_bachMartins1964.wav,79,112,112,106,137,159,128,114
0,audio/bachMartins1964/Bach_1_Martins_11_minor_bachMartins1964.wav,39,66,109,72,137,171,96,66
0,audio/bachMartins1964/Bach_1_Martins_1_Major_bachMartins1964.wav,18,30,34,29,40,45,38,32
0,audio/bachMartins1964/Bach_1_Martins_1_minor_bachMartins1964.wav,63,82,93,88,156,164,94,83
0,audio/bachMartins1964/Bach_1_Martins_2_Major_bachMartins1964.wav,57,104,86,99,127,111,115,127
0,audio/bachMartins1964/Bach_1_Martins_2_minor_bachMartins1964.wav,99,148,156,149,180,182,166,148
0,audio/bachMartins1964/Bach_1_Martins_3_Major_bachMartins1964.wav,94,140,177,138,208,230,145,139
0,audio/bachMartins1964/Bach_1_Martins_3_minor_bachMartins1964.wav,55,72,90,111,248,172,70,83
0,audio/bachMartins1964/Bach_1_Martins_4_Major_bachMartins1964.wav,85,111,123,115,190,189,139,113
0,audio/bachMartins1964/Bach_1_Martins_4_minor_bachMartins1964.wav,60,147,132,158,276,181,112,149
0,audio/bachMartins1964/Bach_1_Martins_5_Major_bachMartins1964.wav,117,175,166,162,202,200,186,193
0,audio/bachMartins1964/Bach_1_Martins_5_minor_bachMartins1964.wav,123,147,237,172,314,343,170,147
0,audio/bachMartins1964/Bach_1_Martins_6_Major_bachMartins1964.wav,77,98,123,101,171,143,99,103
0,audio/bachMartins1964/Bach_1_Martins_6_minor_bachMartins1964.wav,73,107,98,109,131,132,111,119
0,audio/bachMartins1964/Bach_1_Martins_7_Major_bachMartins1964.wav,54,97,101,95,139,145,155,153
0,audio/bachMartins1964/Bach_1_Martins_7_minor_bachMartins1964.wav,111,184,224,185,294,267,178,190
0,audio/bachMartins1964/Bach_1_Martins_8_Major_bachMartins1964.wav,51,58,58,58,106,70,53,57
0,audio/bachMartins1964/Bach_1_Martins_8_minor_bachMartins1964.wav,83,92,125,95,168,154,104,90
0,audio/bachMartins1964/Bach_1_Martins_9_Major_bachMartins1964.wav,77,118,88,111,157,154,101,107
0,audio/bachMartins1964/Bach_1_Martins_9_minor_bachMartins1964.wav,62,77,73,73,96,113,92,93
0,audio/bachNewman1973/Bach_1_Newman_0_Major_bachNewman1973.wav,128,132,126,131,151,157,133,130
0,audio/bachNewman1973/Bach_1_Newman_0_minor_bachNewman1973.wav,128,128,127,129,140,167,133,118
0,audio/bachNewman1973/Bach_1_Newman_10_Major_bachNewman1973.wav,132,188,150,197,202,228,195,142
0,audio/bachNewman1973/Bach_1_Newman_10_minor_bachNewman1973.wav,113,130,135,136,229,274,114,95
0,audio/bachNewman1973/Bach_1_Newman_11_Major_bachNewman1973.wav,123,126,118,128,151,192,147,124
0,audio/bachNewman1973/Bach_1_Newman_11_minor_bachNewman1973.wav,62,67,56,67,84,111,84,57
0,audio/bachNewman1973/Bach_1_Newman_1_Major_bachNewman1973.wav,31,40,29,42,38,48,47,24
0,audio/bachNewman1973/Bach_1_Newman_1_minor_bachNewman1973.wav,93,100,101,99,138,142,112,91
0,audio/bachNewman1973/Bach_1_Newman_2_Major_bachNewman1973.wav,94,109,92,111,129,136,123,116
0,audio/bachNewman1973/Bach_1_Newman_2_minor_bachNewman1973.wav,70,107,120,113,162,197,175,97
0,audio/bachNewman1973/Bach_1_Newman_3_Major_bachNewman1973.wav,143,150,147,148,176,171,146,147
0,audio/bachNewman1973/Bach_1_Newman_3_minor_bachNewman1973.wav,91,97,104,96,199,212,101,117
0,audio/bachNewman1973/Bach_1_Newman_4_Major_bachNewman1973.wav,94,98,99,101,125,139,113,100
0,audio/bachNewman1973/Bach_1_Newman_4_minor_bachNewman1973.wav,144,150,147,151,192,220,157,165
0,audio/bachNewman1973/Bach_1_Newman_5_Major_bachNewman1973.wav,145,177,159,176,192,207,202,112
0,audio/bachNewman1973/Bach_1_Newman_5_minor_bachNewman1973.wav,150,170,177,172,230,316,188,188
0,audio/bachNewman1973/Bach_1_Newman_6_Major_bachNewman1973.wav,96,99,93,101,113,114,100,100
0,audio/bachNewman1973/Bach_1_Newman_6_minor_bachNewman1973.wav,138,138,104,134,160,155,124,155
0,audio/bachNewman1973/Bach_1_Newman_7_Major_bachNewman1973.wav,113,159,131,166,161,184,173,161
0,audio/bachNewman1973/Bach_1_Newman_7_minor_bachNewman1973.wav,167,201,202,204,260,302,244,173
0,audio/bachNewman1973/Bach_1_Newman_8_Major_bachNewman1973.wav,54,59,54,66,86,81,59,57
0,audio/bachNewman1973/Bach_1_Newman_8_minor_bachNewman1973.wav,87,93,84,94,105,108,89,91
0,audio/bachNewman1973/Bach_1_Newman_9_Major_bachNewman1973.wav,109,121,114,125,158,130,125,124
0,audio/bachNewman1973/Bach_1_Newman_9_minor_bachNewman1973.wav,73,100,82,101,131,120,97,84
0,audio/bachNewman2001harpsichord/Bach_1_Newman_0_Major_bachNewman2001harpsichord.wav,128,130,119,131,138,166,152,127
0,audio/bachNewman2001harpsichord/Bach_1_Newman_0_minor_bachNewman2001harpsichord.wav,125,127,123,124,128,172,164,42
0,audio/bachNewman2001harpsichord/Bach_1_Newman_10_Major_bachNewman2001harpsichord.wav,97,133,129,119,151,209,188,47
0,audio/bachNewman2001harpsichord/Bach_1_Newman_10_minor_bachNewman2001harpsichord.wav,112,124,129,126,200,339,142,81
0,audio/bachNewman2001harpsichord/Bach_1_Newman_11_Major_bachNewman2001harpsichord.wav,118,126,132,127,149,178,128,125
0,audio/bachNewman2001harpsichord/Bach_1_Newman_11_minor_bachNewman2001harpsichord.wav,65,74,54,75,81,110,68,66
0,audio/bachNewman2001harpsichord/Bach_1_Newman_1_Major_bachNewman2001harpsichord.wav,22,28,32,26,31,49,45,17
0,audio/bachNewman2001harpsichord/Bach_1_Newman_1_minor_bachNewman2001harpsichord.wav,94,101,107,105,118,150,119,88
0,audio/bachNewman2001harpsichord/Bach_1_Newman_2_Major_bachNewman2001harpsichord.wav,102,119,98,115,149,160,146,84
0,audio/bachNewman2001harpsichord/Bach_1_Newman_2_minor_bachNewman2001harpsichord.wav,83,116,131,104,130,158,139,58
0,audio/bachNewman2001harpsichord/Bach_1_Newman_3_Major_bachNewman2001harpsichord.wav,134,146,151,151,163,194,155,109
0,audio/bachNewman2001harpsichord/Bach_1_Newman_3_minor_bachNewman2001harpsichord.wav,84,97,106,99,144,175,103,63
0,audio/bachNewman2001harpsichord/Bach_1_Newman_4_Major_bachNewman2001harpsichord.wav,90,92,115,93,108,151,111,98
0,audio/bachNewman2001harpsichord/Bach_1_Newman_4_minor_bachNewman2001harpsichord.wav,138,142,183,145,164,250,175,107
0,audio/bachNewman2001harpsichord/Bach_1_Newman_5_Major_bachNewman2001harpsichord.wav,94,105,149,101,132,201,186,50
0,audio/bachNewman2001harpsichord/Bach_1_Newman_5_minor_bachNewman2001harpsichord.wav,135,137,211,136,159,268,177,92
0,audio/bachNewman2001harpsichord/Bach_1_Newman_6_Major_bachNewman2001harpsichord.wav,87,84,98,86,91,135,98,24
0,audio/bachNewman2001harpsichord/Bach_1_Newman_6_minor_bachNewman2001harpsichord.wav,93,106,102,103,112,147,134,22
0,audio/bachNewman2001harpsichord/Bach_1_Newman_7_Major_bachNewman2001harpsichord.wav,64,61,113,64,94,175,157,8
0,audio/bachNewman2001harpsichord/Bach_1_Newman_7_minor_bachNewman2001harpsichord.wav,139,154,266,152,202,322,227,142
0,audio/bachNewman2001harpsichord/Bach_1_Newman_8_Major_bachNewman2001harpsichord.wav,51,59,57,60,82,97,74,40
0,audio/bachNewman2001harpsichord/Bach_1_Newman_8_minor_bachNewman2001harpsichord.wav,77,88,88,84,97,136,113,61
0,audio/bachNewman2001harpsichord/Bach_1_Newman_9_Major_bachNewman2001harpsichord.wav,105,114,106,112,128,163,119,70
0,audio/bachNewman2001harpsichord/Bach_1_Newman_9_minor_bachNewman2001harpsichord.wav,69,82,90,84,100,130,95,70
0,audio/bachNewman2001piano/Bach_1_Newman_0_Major_bachNewman2001piano.wav,78,127,85,125,157,130,81,126
0,audio/bachNewman2001piano/Bach_1_Newman_0_minor_bachNewman2001piano.wav,61,101,83,95,129,119,96,66
0,audio/bachNewman2001piano/Bach_1_Newman_10_Major_bachNewman2001piano.wav,85,151,115,149,187,194,134,162
0,audio/bachNewman2001piano/Bach_1_Newman_10_minor_bachNewman2001piano.wav,92,99,185,112,235,200,140,108
0,audio/bachNewman2001piano/Bach_1_Newman_11_Major_bachNewman2001piano.wav,80,119,130,130,162,175,126,128
0,audio/bachNewman2001piano/Bach_1_Newman_11_minor_bachNewman2001piano.wav,43,66,53,71,104,95,54,67
0,audio/bachNewman2001piano/Bach_1_Newman_1_Major_bachNewman2001piano.wav,26,39,31,41,45,38,36,42
0,audio/bachNewman2001piano/Bach_1_Newman_1_minor_bachNewman2001piano.wav,82,86,102,92,156,119,83,85
0,audio/bachNewman2001piano/Bach_1_Newman_2_Major_bachNewman2001piano.wav,62,112,73,104,123,101,76,121
0,audio/bachNewman2001piano/Bach_1_Newman_2_minor_bachNewman2001piano.wav,68,122,90,115,135,117,100,138
0,audio/bachNewman2001piano/Bach_1_Newman_3_Major_bachNewman2001piano.wav,88,114,77,113,137,133,96,112
0,audio/bachNewman2001piano/Bach_1_Newman_3_minor_bachNewman2001piano.wav,69,90,83,96,181,116,72,109
0,audio/bachNewman2001piano/Bach_1_Newman_4_Major_bachNewman2001piano.wav,71,98,84,100,128,133,83,97
0,audio/bachNewman2001piano/Bach_1_Newman_4_minor_bachNewman2001piano.wav,75,130,137,130,165,193,115,133
0,audio/bachNewman2001piano/Bach_1_Newman_5_Major_bachNewman2001piano.wav,89,142,120,142,170,172,126,167
0,audio/bachNewman2001piano/Bach_1_Newman_5_minor_bachNewman2001piano.wav,110,142,202,149,205,245,147,163
0,audio/bachNewman2001piano/Bach_1_Newman_6_Major_bachNewman2001piano.wav,67,99,63,101,114,110,74,104
0,audio/bachNewman2001piano/Bach_1_Newman_6_minor_bachNewman2001piano.wav,67,97,80,96,130,125,81,105
0,audio/bachNewman2001piano/Bach_1_Newman_7_Major_bachNewman2001piano.wav,58,107,101,102,134,148,109,72
0,audio/bachNewman2001piano/Bach_1_Newman_7_minor_bachNewman2001piano.wav,98,129,148,129,200,174,115,136
0,audio/bachNewman2001piano/Bach_1_Newman_8_Major_bachNewman2001piano.wav,46,56,65,56,88,71,65,57
0,audio/bachNewman2001piano/Bach_1_Newman_8_minor_bachNewman2001piano.wav,70,90,91,92,123,133,104,93
0,audio/bachNewman2001piano/Bach_1_Newman_9_Major_bachNewman2001piano.wav,77,116,71,114,145,125,75,126
0,audio/bachNewman2001piano/Bach_1_Newman_9_minor_bachNewman2001piano.wav,54,89,67,88,118,105,66,96
0,audio/bachRichter1970/Bach_1_Richter_0_Major_bachRichter1970.wav,79,123,157,124,144,177,180,104
0,audio/bachRichter1970/Bach_1_Richter_0_minor_bachRichter1970.wav,46,69,91,73,112,116,114,42
0,audio/bachRichter1970/Bach_1_Richter_10_Major_bachRichter1970.wav,56,77,114,75,141,167,146,111
0,audio/bachRichter1970/Bach_1_Richter_10_minor_bachRichter1970.wav,85,95,198,116,211,263,198,88
0,audio/bachRichter1970/Bach_1_Richter_11_Major_bachRichter1970.wav,45,94,131,101,128,149,139,121
0,audio/bachRichter1970/Bach_1_Richter_11_minor_bachRichter1970.wav,52,69,147,92,169,203,122,59
0,audio/bachRichter1970/Bach_1_Richter_1_Major_bachRichter1970.wav,28,44,34,43,51,50,41,47
0,audio/bachRichter1970/Bach_1_Richter_1_minor_bachRichter1970.wav,82,101,150,111,185,186,136,82
0,audio/bachRichter1970/Bach_1_Richter_2_Major_bachRichter1970.wav,62,92,87,94,114,114,113,116
0,audio/bachRichter1970/Bach_1_Richter_2_minor_bachRichter1970.wav,91,147,150,143,181,187,149,149
0,audio/bachRichter1970/Bach_1_Richter_3_Major_bachRichter1970.wav,76,104,116,109,137,145,120,125
0,audio/bachRichter1970/Bach_1_Richter_3_minor_bachRichter1970.wav,76,85,111,105,231,176,86,69
0,audio/bachRichter1970/Bach_1_Richter_4_Major_bachRichter1970.wav,70,96,108,97,129,148,111,82
0,audio/bachRichter1970/Bach_1_Richter_4_minor_bachRichter1970.wav,70,124,149,133,164,206,154,71
0,audio/bachRichter1970/Bach_1_Richter_5_Major_bachRichter1970.wav,84,115,132,111,182,183,164,87
0,audio/bachRichter1970/Bach_1_Richter_5_minor_bachRichter1970.wav,112,134,199,155,220,270,195,108
0,audio/bachRichter1970/Bach_1_Richter_6_Major_bachRichter1970.wav,73,96,111,94,118,155,111,97
0,audio/bachRichter1970/Bach_1_Richter_6_minor_bachRichter1970.wav,71,100,87,93,124,126,106,103
0,audio/bachRichter1970/Bach_1_Richter_7_Major_bachRichter1970.wav,63,99,105,100,148,157,95,47
0,audio/bachRichter1970/Bach_1_Richter_7_minor_bachRichter1970.wav,93,161,213,170,225,343,235,154
0,audio/bachRichter1970/Bach_1_Richter_8_Major_bachRichter1970.wav,44,56,55,57,82,83,56,47
0,audio/bachRichter1970/Bach_1_Richter_8_minor_bachRichter1970.wav,56,84,90,88,122,140,88,80
0,audio/bachRichter1970/Bach_1_Richter_9_Major_bachRichter1970.wav,63,97,128,107,138,171,99,102
0,audio/bachRichter1970/Bach_1_Richter_9_minor_bachRichter1970.wav,67,71,79,79,113,93,69,77
0,audio/bachTureck1953/Bach_1_Tureck_0_Major_bachTureck1953.wav,5,122,135,124,196,163,129,155
0,audio/bachTureck1953/Bach_1_Tureck_0_minor_bachTureck1953.wav,61,113,103,108,120,131,110,114
0,audio/bachTureck1953/Bach_1_Tureck_10_Major_bachTureck1953.wav,34,144,137,135,225,193,148,177
0,audio/bachTureck1953/Bach_1_Tureck_10_minor_bachTureck1953.wav,6,89,97,95,235,134,86,100
0,audio/bachTureck1953/Bach_1_Tureck_11_Major_bachTureck1953.wav,21,126,62,126,193,134,94,131
0,audio/bachTureck1953/Bach_1_Tureck_11_minor_bachTureck1953.wav,6,56,74,61,121,119,63,58
0,audio/bachTureck1953/Bach_1_Tureck_1_Major_bachTureck1953.wav,9,34,31,34,39,38,32,37
0,audio/bachTureck1953/Bach_1_Tureck_1_minor_bachTureck1953.wav,15,102,112,106,184,173,99,125
0,audio/bachTureck1953/Bach_1_Tureck_2_Major_bachTureck1953.wav,56,113,85,111,119,104,95,116
0,audio/bachTureck1953/Bach_1_Tureck_2_minor_bachTureck1953.wav,30,142,140,138,179,173,149,174
0,audio/bachTureck1953/Bach_1_Tureck_3_Major_bachTureck1953.wav,83,129,153,131,183,199,141,130
0,audio/bachTureck1953/Bach_1_Tureck_3_minor_bachTureck1953.wav,28,95,123,104,229,199,93,102
0,audio/bachTureck1953/Bach_1_Tureck_4_Major_bachTureck1953.wav,5,100,95,94,165,123,96,112
0,audio/bachTureck1953/Bach_1_Tureck_4_minor_bachTureck1953.wav,14,118,55,115,242,127,78,128
0,audio/bachTureck1953/Bach_1_Tureck_5_Major_bachTureck1953.wav,29,145,149,141,186,194,165,175
0,audio/bachTureck1953/Bach_1_Tureck_5_minor_bachTureck1953.wav,7,125,120,133,200,221,123,136
0,audio/bachTureck1953/Bach_1_Tureck_6_Major_bachTureck1953.wav,4,102,96,101,156,131,92,108
0,audio/bachTureck1953/Bach_1_Tureck_6_minor_bachTureck1953.wav,16,124,92,124,156,146,113,132
0,audio/bachTureck1953/Bach_1_Tureck_7_Major_bachTureck1953.wav,48,156,135,141,188,179,153,165
0,audio/bachTureck1953/Bach_1_Tureck_7_minor_bachTureck1953.wav,7,158,222,167,246,281,167,217
0,audio/bachTureck1953/Bach_1_Tureck_8_Major_bachTureck1953.wav,55,60,65,59,115,69,57,59
0,audio/bachTureck1953/Bach_1_Tureck_8_minor_bachTureck1953.wav,29,88,92,89,126,134,88,86
0,audio/bachTureck1953/Bach_1_Tureck_9_Major_bachTureck1953.wav,78,119,108,120,193,138,115,119
0,audio/bachTureck1953/Bach_1_Tureck_9_minor_bachTureck1953.wav,66,100,90,96,136,118,98,106
